Presynaptic_ID,Postsynaptic_ID,Presynaptic_Index,Postsynaptic_Index,Connectivity,Excitatory,Excitatory x Connectivity
720575940603464672,720575940632403986,202,108296,15,1,15
720575940603464672,720575940613583001,202,17837,71,1,71
720575940603464672,720575940630407388,202,98466,3,1,3
720575940603464672,720575940623636701,202,61846,2,1,2
720575940603464672,720575940637098352,202,121757,3,1,3
720575940603464672,720575940640803200,202,130032,27,1,27
720575940603464672,720575940629461442,202,93663,4,1,4
720575940603464672,720575940605758142,202,2179,24,1,24
720575940603464672,720575940637594334,202,122856,2,1,2
720575940603464672,720575940609282825,202,7178,18,1,18
720575940603464672,720575940614956072,202,22143,134,1,134
720575940603464672,720575940631842360,202,105779,15,1,15
720575940603464672,720575940633626337,202,113066,4,1,4
720575940603464672,720575940634545890,202,115447,4,1,4
720575940603464672,720575940633294796,202,111976,3,1,3
720575940603464672,720575940614137809,202,19409,2,1,2
720575940604088288,720575940613455986,472,17428,1,-1,-1
720575940604088288,720575940637098352,472,121757,1,-1,-1
720575940604088288,720575940638900713,472,125852,185,-1,-185
720575940604088288,720575940628865644,472,90648,3,-1,-3
720575940604088288,720575940622516852,472,55498,3,-1,-3
720575940604088288,720575940606149321,472,2860,48,-1,-48
720575940604088288,720575940621689727,472,50739,1,-1,-1
720575940604088288,720575940629513478,472,93983,14,-1,-14
720575940604088288,720575940624377224,472,66072,1,-1,-1
720575940604088288,720575940640851363,472,130107,2,-1,-2
720575940604088288,720575940621371045,472,48838,8,-1,-8
720575940604088288,720575940639172585,472,126538,1,-1,-1
720575940604088288,720575940618807454,472,36647,34,-1,-34
720575940604088288,720575940604569824,472,750,2,-1,-2
720575940604088288,720575940628082053,472,86153,2,-1,-2
720575940604088288,720575940616736198,472,28268,4,-1,-4
720575940604088288,720575940631842360,472,105779,150,-1,-150
720575940604088288,720575940635684762,472,118536,1,-1,-1
720575940604088288,720575940608545219,472,6128,80,-1,-80
720575940604088288,720575940618932763,472,37128,26,-1,-26
720575940604088288,720575940632777320,472,109989,4,-1,-4
720575940604088288,720575940635202204,472,117221,1,-1,-1
720575940604088288,720575940622160705,472,53457,1,-1,-1
720575940604088288,720575940626977947,472,79515,5,-1,-5
720575940604088288,720575940609258850,472,7131,91,-1,-91
720575940604088288,720575940625102224,472,69919,191,-1,-191
720575940604088288,720575940625741287,472,72956,1,-1,-1
720575940604088288,720575940628895750,472,90809,4,-1,-4
720575940604088288,720575940626044942,472,74593,3,-1,-3
720575940604088288,720575940604737708,472,904,11,-1,-11
720575940604088288,720575940610505006,472,9313,18,-1,-18
720575940604088288,720575940615723314,472,24792,10,-1,-10
720575940604088288,720575940626848275,472,78706,498,-1,-498
720575940604088288,720575940633893401,472,113894,93,-1,-93
720575940604088288,720575940629437054,472,93547,22,-1,-22
720575940604088288,720575940637547365,472,122752,1,-1,-1
720575940604088288,720575940629609457,472,94443,12,-1,-12
720575940604088288,720575940628200551,472,86814,7,-1,-7
720575940604088288,720575940618165393,472,33912,3,-1,-3
720575940604088288,720575940619615552,472,39669,2,-1,-2
720575940604088288,720575940632469290,472,108631,14,-1,-14
720575940604088288,720575940612718563,472,15002,1,-1,-1
720575940604470240,720575940626044942,676,74593,5,-1,-5
720575940604470240,720575940618807454,676,36647,1,-1,-1
720575940604470240,720575940610505006,676,9313,2,-1,-2
720575940604470240,720575940616534338,676,27609,1,-1,-1
720575940604470240,720575940626848275,676,78706,1,-1,-1
720575940604470240,720575940633893401,676,113894,44,-1,-44
720575940604470240,720575940618932763,676,37128,2,-1,-2
720575940604470240,720575940626872932,676,78877,1,-1,-1
720575940604470240,720575940632777320,676,109989,5,-1,-5
720575940604470240,720575940629437054,676,93547,4,-1,-4
720575940604470240,720575940622160705,676,53457,1,-1,-1
720575940604470240,720575940626783065,676,78311,4,-1,-4
720575940604470240,720575940618165393,676,33912,4,-1,-4
720575940604470240,720575940626977947,676,79515,2,-1,-2
720575940604470240,720575940623432918,676,60699,7,-1,-7
720575940604470240,720575940629513478,676,93983,2,-1,-2
720575940604470240,720575940623781127,676,62546,10,-1,-10
720575940604470240,720575940632469290,676,108631,5,-1,-5
720575940604470240,720575940622186305,676,53582,4,-1,-4
720575940604470240,720575940604088288,676,472,3,-1,-3
720575940604569824,720575940610505006,750,9313,72,-1,-72
720575940604569824,720575940633893401,750,113894,2,-1,-2
720575940604569824,720575940618932763,750,37128,2,-1,-2
720575940604569824,720575940647436835,750,135864,8,-1,-8
720575940604569824,720575940629437054,750,93547,9,-1,-9
720575940604569824,720575940606149321,750,2860,11,-1,-11
720575940604569824,720575940621689727,750,50739,40,-1,-40
720575940604569824,720575940624377224,750,66072,5,-1,-5
720575940604569824,720575940625102224,750,69919,9,-1,-9
720575940604569824,720575940631842360,750,105779,6,-1,-6
720575940604569824,720575940623413116,750,60591,20,-1,-20
720575940604737708,720575940645693988,904,134541,1,1,1
720575940604737708,720575940622516852,904,55498,6,1,6
720575940604737708,720575940628038808,904,85900,1,1,1
720575940604737708,720575940635202204,904,117221,2,1,2
720575940604737708,720575940633556644,904,112815,1,1,1
720575940604737708,720575940612976497,904,15923,1,1,1
720575940604737708,720575940612603289,904,14630,13,1,13
720575940604737708,720575940630085583,904,96843,10,1,10
720575940605758142,720575940632403986,2179,108296,27,1,27
720575940605758142,720575940614956072,2179,22143,43,1,43
720575940605758142,720575940615366055,2179,23582,28,1,28
720575940605758142,720575940630407388,2179,98466,40,1,40
720575940605758142,720575940609460491,2179,7499,1,1,1
720575940605758142,720575940640803200,2179,130032,9,1,9
720575940605758142,720575940603464672,2179,202,16,1,16
720575940605758142,720575940619071005,2179,37714,25,1,25
720575940605758142,720575940634545890,2179,115447,146,1,146
720575940605758142,720575940624879911,2179,68599,27,1,27
720575940605758142,720575940621529435,2179,49729,6,1,6
720575940605758142,720575940637594334,2179,122856,15,1,15
720575940605758142,720575940609282825,2179,7178,163,1,163
720575940605758142,720575940622726271,2179,56643,94,1,94
720575940605758142,720575940633294796,2179,111976,38,1,38
720575940605758142,720575940623636701,2179,61846,16,1,16
720575940605758142,720575940629461442,2179,93663,1,1,1
720575940605758142,720575940635983770,2179,119328,68,1,68
720575940605899692,720575940618987600,2455,37365,5,1,5
720575940605899692,720575940613455986,2455,17428,2,1,2
720575940605899692,720575940625049781,2455,69626,149,1,149
720575940605899692,720575940626309562,2455,75832,1,1,1
720575940605899692,720575940607635913,2455,4898,3,1,3
720575940605899692,720575940632080977,2455,106885,20,1,20
720575940605899692,720575940616733323,2455,28259,18,1,18
720575940605899692,720575940625357547,2455,71057,3,1,3
720575940605899692,720575940624931888,2455,68913,8,1,8
720575940605899692,720575940628200551,2455,86814,1,1,1
720575940605899692,720575940622523508,2455,55547,2,1,2
720575940605899692,720575940618321364,2455,34640,1,1,1
720575940605899692,720575940623113752,2455,58832,132,1,132
720575940605899692,720575940619148829,2455,38032,12,1,12
720575940605899692,720575940610584184,2455,9455,1,1,1
720575940605899692,720575940618444473,2455,35141,121,1,121
720575940605899692,720575940620023686,2455,41504,4,1,4
720575940606149321,720575940637098352,2860,121757,1,-1,-1
720575940606149321,720575940628865644,2860,90648,2,-1,-2
720575940606149321,720575940621689727,2860,50739,18,-1,-18
720575940606149321,720575940614710509,2860,21291,3,-1,-3
720575940606149321,720575940629513478,2860,93983,4,-1,-4
720575940606149321,720575940624377224,2860,66072,2,-1,-2
720575940606149321,720575940621371045,2860,48838,10,-1,-10
720575940606149321,720575940618987600,2860,37365,6,-1,-6
720575940606149321,720575940604569824,2860,750,12,-1,-12
720575940606149321,720575940628082053,2860,86153,1,-1,-1
720575940606149321,720575940616736198,2860,28268,8,-1,-8
720575940606149321,720575940631842360,2860,105779,13,-1,-13
720575940606149321,720575940623413116,2860,60591,2,-1,-2
720575940606149321,720575940604088288,2860,472,16,-1,-16
720575940606149321,720575940608545219,2860,6128,12,-1,-12
720575940606149321,720575940618932763,2860,37128,4,-1,-4
720575940606149321,720575940626977947,2860,79515,7,-1,-7
720575940606149321,720575940609258850,2860,7131,28,-1,-28
720575940606149321,720575940625102224,2860,69919,2,-1,-2
720575940606149321,720575940615255603,2860,23215,4,-1,-4
720575940606149321,720575940626044942,2860,74593,1,-1,-1
720575940606149321,720575940621195290,2860,47847,3,-1,-3
720575940606149321,720575940604737708,2860,904,1,-1,-1
720575940606149321,720575940610505006,2860,9313,51,-1,-51
720575940606149321,720575940615723314,2860,24792,2,-1,-2
720575940606149321,720575940650416505,2860,136795,1,-1,-1
720575940606149321,720575940626848275,2860,78706,9,-1,-9
720575940606149321,720575940633893401,2860,113894,4,-1,-4
720575940606149321,720575940629437054,2860,93547,16,-1,-16
720575940606149321,720575940629609457,2860,94443,1,-1,-1
720575940606149321,720575940628200551,2860,86814,42,-1,-42
720575940606149321,720575940619615552,2860,39669,6,-1,-6
720575940606692542,720575940629513222,3686,93981,7,-1,-7
720575940606692542,720575940626039996,3686,74562,1,-1,-1
720575940606692542,720575940623444044,3686,60791,1,-1,-1
720575940606692542,720575940623133097,3686,58953,108,-1,-108
720575940606692542,720575940636543668,3686,120535,6,-1,-6
720575940606692542,720575940626403917,3686,76326,63,-1,-63
720575940606692542,720575940631180599,3686,102668,4,-1,-4
720575940606692542,720575940635089945,3686,116843,9,-1,-9
720575940606692542,720575940621393172,3686,48970,1,-1,-1
720575940606696369,720575940635119723,3692,116937,388,1,388
720575940606696369,720575940633176204,3692,111486,4,1,4
720575940606696369,720575940625049781,3692,69626,5,1,5
720575940606696369,720575940627796298,3692,84472,134,1,134
720575940606696369,720575940626309562,3692,75832,1,1,1
720575940606696369,720575940607635913,3692,4898,4,1,4
720575940606696369,720575940632080977,3692,106885,2,1,2
720575940606696369,720575940633305681,3692,112021,1,1,1
720575940606696369,720575940616733323,3692,28259,2,1,2
720575940606696369,720575940640834211,3692,130068,21,1,21
720575940606696369,720575940621640363,3692,50424,4,1,4
720575940606696369,720575940626783065,3692,78311,4,1,4
720575940606696369,720575940609137500,3692,6936,2,1,2
720575940606696369,720575940612264817,3692,13536,10,1,10
720575940606696369,720575940619918203,3692,40992,1,1,1
720575940606696369,720575940624931888,3692,68913,1,1,1
720575940606696369,720575940622523508,3692,55547,1,1,1
720575940606696369,720575940628069501,3692,86059,1,1,1
720575940606696369,720575940623957173,3692,63536,3,1,3
720575940606696369,720575940623781127,3692,62546,1,1,1
720575940606696369,720575940624225741,3692,65148,1,1,1
720575940606696369,720575940618321364,3692,34640,3,1,3
720575940606696369,720575940623113752,3692,58832,18,1,18
720575940606696369,720575940619148829,3692,38032,2,1,2
720575940606696369,720575940610584184,3692,9455,22,1,22
720575940606696369,720575940618444473,3692,35141,20,1,20
720575940606696369,720575940613783277,3692,18478,5,1,5
720575940606696369,720575940624258857,3692,65344,2,1,2
720575940606696369,720575940620023686,3692,41504,5,1,5
720575940606696369,720575940639172585,3692,126538,1,1,1
720575940606756030,720575940622516852,3807,55498,2,-1,-2
720575940606756030,720575940628038808,3807,85900,2,-1,-2
720575940606756030,720575940614710509,3807,21291,1,-1,-1
720575940606756030,720575940627277242,3807,81468,26,-1,-26
720575940606756030,720575940645693988,3807,134541,2,-1,-2
720575940606756030,720575940636543668,3807,120535,9,-1,-9
720575940606756030,720575940618554041,3807,35604,4,-1,-4
720575940606756030,720575940612976497,3807,15923,2,-1,-2
720575940606756030,720575940622331830,3807,54462,3,-1,-3
720575940606756030,720575940623888397,3807,63126,31,-1,-31
720575940606756030,720575940621619627,3807,50303,3,-1,-3
720575940606756030,720575940626403917,3807,76326,1,-1,-1
720575940606756030,720575940621801819,3807,51422,2,-1,-2
720575940606756030,720575940626872932,3807,78877,4,-1,-4
720575940606756030,720575940611563310,3807,11645,122,-1,-122
720575940606756030,720575940623499132,3807,61120,20,-1,-20
720575940607635913,720575940631306284,4898,103357,2,-1,-2
720575940607635913,720575940613455986,4898,17428,2,-1,-2
720575940607635913,720575940626309562,4898,75832,6,-1,-6
720575940607635913,720575940633305681,4898,112021,2,-1,-2
720575940607635913,720575940616733323,4898,28259,166,-1,-166
720575940607635913,720575940629513222,4898,93981,1,-1,-1
720575940607635913,720575940625049781,4898,69626,2,-1,-2
720575940607635913,720575940626246525,4898,75529,47,-1,-47
720575940607635913,720575940625952755,4898,74067,1,-1,-1
720575940607635913,720575940627796298,4898,84472,4,-1,-4
720575940607635913,720575940632080977,4898,106885,1,-1,-1
720575940607635913,720575940612264817,4898,13536,9,-1,-9
720575940607635913,720575940605899692,4898,2455,3,-1,-3
720575940607635913,720575940636611576,4898,120706,1,-1,-1
720575940607635913,720575940631180599,4898,102668,1,-1,-1
720575940607635913,720575940637611365,4898,122896,1,-1,-1
720575940607635913,720575940624225741,4898,65148,2,-1,-2
720575940607635913,720575940624258857,4898,65344,1,-1,-1
720575940607635913,720575940625357547,4898,71057,1,-1,-1
720575940607635913,720575940626783065,4898,78311,1,-1,-1
720575940607635913,720575940619918203,4898,40992,45,-1,-45
720575940607635913,720575940606696369,4898,3692,259,-1,-259
720575940607635913,720575940635089945,4898,116843,5,-1,-5
720575940607635913,720575940624931888,4898,68913,10,-1,-10
720575940607635913,720575940622523508,4898,55547,4,-1,-4
720575940607635913,720575940628069501,4898,86059,3,-1,-3
720575940607635913,720575940619148829,4898,38032,3,-1,-3
720575940607635913,720575940613783277,4898,18478,21,-1,-21
720575940608181122,720575940631945815,5629,106213,3,-1,-3
720575940608235186,720575940626039996,5712,74562,5,-1,-5
720575940608235186,720575940613686698,5712,18198,295,-1,-295
720575940608235186,720575940623444044,5712,60791,427,-1,-427
720575940608235186,720575940625550823,5712,72015,62,-1,-62
720575940608235186,720575940631180599,5712,102668,1,-1,-1
720575940608235186,720575940621393172,5712,48970,12,-1,-12
720575940608545219,720575940638900713,6128,125852,6,-1,-6
720575940608545219,720575940628865644,6128,90648,1,-1,-1
720575940608545219,720575940606149321,6128,2860,15,-1,-15
720575940608545219,720575940621689727,6128,50739,3,-1,-3
720575940608545219,720575940617257985,6128,30179,2,-1,-2
720575940608545219,720575940614710509,6128,21291,2,-1,-2
720575940608545219,720575940629513478,6128,93983,11,-1,-11
720575940608545219,720575940627604977,6128,83388,3,-1,-3
720575940608545219,720575940621371045,6128,48838,35,-1,-35
720575940608545219,720575940618987600,6128,37365,16,-1,-16
720575940608545219,720575940618807454,6128,36647,1,-1,-1
720575940608545219,720575940604569824,6128,750,1,-1,-1
720575940608545219,720575940613065130,6128,16213,2,-1,-2
720575940608545219,720575940630006521,6128,96463,2,-1,-2
720575940608545219,720575940626246525,6128,75529,5,-1,-5
720575940608545219,720575940628082053,6128,86153,9,-1,-9
720575940608545219,720575940616736198,6128,28268,25,-1,-25
720575940608545219,720575940614614495,6128,20921,4,-1,-4
720575940608545219,720575940631842360,6128,105779,7,-1,-7
720575940608545219,720575940635684762,6128,118536,4,-1,-4
720575940608545219,720575940604088288,6128,472,54,-1,-54
720575940608545219,720575940622364854,6128,54686,15,-1,-15
720575940608545219,720575940618932763,6128,37128,1,-1,-1
720575940608545219,720575940626977947,6128,79515,83,-1,-83
720575940608545219,720575940609258850,6128,7131,305,-1,-305
720575940608545219,720575940625102224,6128,69919,14,-1,-14
720575940608545219,720575940615255603,6128,23215,5,-1,-5
720575940608545219,720575940621195290,6128,47847,51,-1,-51
720575940608545219,720575940610505006,6128,9313,165,-1,-165
720575940608545219,720575940615723314,6128,24792,20,-1,-20
720575940608545219,720575940652554657,6128,137195,3,-1,-3
720575940608545219,720575940626848275,6128,78706,4,-1,-4
720575940608545219,720575940633893401,6128,113894,8,-1,-8
720575940608545219,720575940629437054,6128,93547,13,-1,-13
720575940608545219,720575940637547365,6128,122752,6,-1,-6
720575940608545219,720575940629609457,6128,94443,11,-1,-11
720575940608545219,720575940628200551,6128,86814,217,-1,-217
720575940608545219,720575940619615552,6128,39669,4,-1,-4
720575940608545219,720575940615028143,6128,22366,1,-1,-1
720575940609137500,720575940613455986,6936,17428,3,-1,-3
720575940609137500,720575940633305681,6936,112021,408,-1,-408
720575940609137500,720575940628038808,6936,85900,1,-1,-1
720575940609137500,720575940644702112,6936,133436,1,-1,-1
720575940609137500,720575940639172585,6936,126538,5,-1,-5
720575940609137500,720575940618987600,6936,37365,1,-1,-1
720575940609137500,720575940627253604,6936,81321,3,-1,-3
720575940609137500,720575940625525740,6936,71912,1,-1,-1
720575940609137500,720575940625952755,6936,74067,46,-1,-46
720575940609137500,720575940621103239,6936,47334,1,-1,-1
720575940609137500,720575940607635913,6936,4898,2,-1,-2
720575940609137500,720575940636611576,6936,120706,14,-1,-14
720575940609137500,720575940643255693,6936,132192,5,-1,-5
720575940609137500,720575940624258857,6936,65344,4,-1,-4
720575940609137500,720575940625357547,6936,71057,5,-1,-5
720575940609137500,720575940606696369,6936,3692,2,-1,-2
720575940609137500,720575940628069501,6936,86059,442,-1,-442
720575940609258850,720575940621195290,7131,47847,1,1,1
720575940609258850,720575940618987600,7131,37365,1,1,1
720575940609258850,720575940622364854,7131,54686,2,1,2
720575940609258850,720575940610505006,7131,9313,1,1,1
720575940609258850,720575940615723314,7131,24792,2,1,2
720575940609258850,720575940650416505,7131,136795,4,1,4
720575940609258850,720575940613065130,7131,16213,3,1,3
720575940609258850,720575940608545219,7131,6128,203,1,203
720575940609258850,720575940638900713,7131,125852,99,1,99
720575940609258850,720575940626848275,7131,78706,9,1,9
720575940609258850,720575940633893401,7131,113894,132,1,132
720575940609258850,720575940629437054,7131,93547,3,1,3
720575940609258850,720575940606149321,7131,2860,3,1,3
720575940609258850,720575940630006521,7131,96463,3,1,3
720575940609258850,720575940637547365,7131,122752,1,1,1
720575940609258850,720575940629609457,7131,94443,337,1,337
720575940609258850,720575940628200551,7131,86814,1,1,1
720575940609258850,720575940626977947,7131,79515,8,1,8
720575940609258850,720575940614710509,7131,21291,7,1,7
720575940609258850,720575940629513478,7131,93983,15,1,15
720575940609258850,720575940619615552,7131,39669,15,1,15
720575940609258850,720575940628082053,7131,86153,34,1,34
720575940609258850,720575940625102224,7131,69919,9,1,9
720575940609258850,720575940640851363,7131,130107,12,1,12
720575940609258850,720575940616736198,7131,28268,48,1,48
720575940609258850,720575940627604977,7131,83388,8,1,8
720575940609258850,720575940631842360,7131,105779,2,1,2
720575940609258850,720575940621371045,7131,48838,94,1,94
720575940609258850,720575940635684762,7131,118536,5,1,5
720575940609258850,720575940604088288,7131,472,1,1,1
720575940609282825,720575940632403986,7178,108296,49,-1,-49
720575940609282825,720575940614956072,7178,22143,56,-1,-56
720575940609282825,720575940615366055,7178,23582,34,-1,-34
720575940609282825,720575940630407388,7178,98466,273,-1,-273
720575940609282825,720575940609460491,7178,7499,11,-1,-11
720575940609282825,720575940640803200,7178,130032,729,-1,-729
720575940609282825,720575940605758142,7178,2179,668,-1,-668
720575940609282825,720575940603464672,7178,202,22,-1,-22
720575940609282825,720575940619071005,7178,37714,31,-1,-31
720575940609282825,720575940634545890,7178,115447,35,-1,-35
720575940609282825,720575940624879911,7178,68599,28,-1,-28
720575940609282825,720575940621529435,7178,49729,19,-1,-19
720575940609282825,720575940637594334,7178,122856,34,-1,-34
720575940609282825,720575940622726271,7178,56643,63,-1,-63
720575940609282825,720575940633294796,7178,111976,295,-1,-295
720575940609282825,720575940623636701,7178,61846,31,-1,-31
720575940609282825,720575940629461442,7178,93663,7,-1,-7
720575940609282825,720575940635983770,7178,119328,61,-1,-61
720575940609460491,720575940632403986,7499,108296,1,1,1
720575940609460491,720575940613583001,7499,17837,35,1,35
720575940609460491,720575940630407388,7499,98466,5,1,5
720575940609460491,720575940637098352,7499,121757,4,1,4
720575940609460491,720575940640803200,7499,130032,10,1,10
720575940609460491,720575940623636957,7499,61850,24,1,24
720575940609460491,720575940640031360,7499,128444,43,1,43
720575940609460491,720575940605758142,7499,2179,12,1,12
720575940609460491,720575940637594334,7499,122856,1,1,1
720575940609460491,720575940609282825,7499,7178,4,1,4
720575940609460491,720575940614956072,7499,22143,75,1,75
720575940609460491,720575940622726271,7499,56643,1,1,1
720575940609460491,720575940615366055,7499,23582,1,1,1
720575940609460491,720575940631842360,7499,105779,4,1,4
720575940609460491,720575940633626337,7499,113066,4,1,4
720575940609460491,720575940634545890,7499,115447,1,1,1
720575940609460491,720575940633294796,7499,111976,4,1,4
720575940609460491,720575940614137809,7499,19409,5,1,5
720575940610505006,720575940626044942,9313,74593,1,1,1
720575940610505006,720575940627253604,9313,81321,7,1,7
720575940610505006,720575940608545219,9313,6128,3,1,3
720575940610505006,720575940638900713,9313,125852,5,1,5
720575940610505006,720575940633893401,9313,113894,2,1,2
720575940610505006,720575940618932763,9313,37128,1,1,1
720575940610505006,720575940629437054,9313,93547,2,1,2
720575940610505006,720575940635202204,9313,117221,4,1,4
720575940610505006,720575940606149321,9313,2860,5,1,5
720575940610505006,720575940604470240,9313,676,2,1,2
720575940610505006,720575940628200551,9313,86814,1,1,1
720575940610505006,720575940618165393,9313,33912,18,1,18
720575940610505006,720575940623781127,9313,62546,1,1,1
720575940610505006,720575940614614495,9313,20921,1,1,1
720575940610505006,720575940631842360,9313,105779,4,1,4
720575940610505006,720575940632469290,9313,108631,4,1,4
720575940610505006,720575940604088288,9313,472,7,1,7
720575940610584184,720575940626309562,9455,75832,10,-1,-10
720575940610584184,720575940616733323,9455,28259,130,-1,-130
720575940610584184,720575940640834211,9455,130068,2,-1,-2
720575940610584184,720575940621640363,9455,50424,18,-1,-18
720575940610584184,720575940618987600,9455,37365,4,-1,-4
720575940610584184,720575940625049781,9455,69626,1,-1,-1
720575940610584184,720575940626246525,9455,75529,122,-1,-122
720575940610584184,720575940623781127,9455,62546,41,-1,-41
720575940610584184,720575940614614495,9455,20921,3,-1,-3
720575940610584184,720575940618366843,9455,34813,2,-1,-2
720575940610584184,720575940635119723,9455,116937,18,-1,-18
720575940610584184,720575940627796298,9455,84472,15,-1,-15
720575940610584184,720575940632080977,9455,106885,1,-1,-1
720575940610584184,720575940612264817,9455,13536,28,-1,-28
720575940610584184,720575940605899692,9455,2455,1,-1,-1
720575940610584184,720575940637611365,9455,122896,5,-1,-5
720575940610584184,720575940644632087,9455,133341,1,-1,-1
720575940610584184,720575940625357547,9455,71057,2,-1,-2
720575940610584184,720575940626783065,9455,78311,5,-1,-5
720575940610584184,720575940633787309,9455,113568,11,-1,-11
720575940610584184,720575940606696369,9455,3692,3,-1,-3
720575940610584184,720575940623957173,9455,63536,4,-1,-4
720575940610584184,720575940618321364,9455,34640,14,-1,-14
720575940610584184,720575940623113752,9455,58832,7,-1,-7
720575940610584184,720575940619148829,9455,38032,3,-1,-3
720575940610584184,720575940618444473,9455,35141,1,-1,-1
720575940610584184,720575940613783277,9455,18478,17,-1,-17
720575940610899666,720575940635119723,10080,116937,2,-1,-2
720575940610899666,720575940632689199,10080,109569,5,-1,-5
720575940610899666,720575940636489140,10080,120390,5,-1,-5
720575940611079236,720575940623788040,10480,62586,20,1,20
720575940611079236,720575940632403986,10480,108296,6,1,6
720575940611079236,720575940616169578,10480,26371,1,1,1
720575940611079236,720575940635119723,10480,116937,11,1,11
720575940611079236,720575940623636701,10480,61846,1,1,1
720575940611079236,720575940638128474,10480,124101,24,1,24
720575940611079236,720575940611379569,10480,11164,5,1,5
720575940611079236,720575940632795532,10480,110077,5,1,5
720575940611079236,720575940635945919,10480,119222,184,1,184
720575940611079236,720575940623528925,10480,61301,1,1,1
720575940611079236,720575940618308825,10480,34586,2,1,2
720575940611079236,720575940623000858,10480,58146,3,1,3
720575940611079236,720575940636489140,10480,120390,1,1,1
720575940611079236,720575940613590501,10480,17854,194,1,194
720575940611079236,720575940618757666,10480,36451,59,1,59
720575940611079236,720575940624547622,10480,66912,33,1,33
720575940611079236,720575940634707863,10480,115866,5,1,5
720575940611079236,720575940614137809,10480,19409,10,1,10
720575940611379569,720575940632403986,11164,108296,17,1,17
720575940611379569,720575940623000858,11164,58146,25,1,25
720575940611379569,720575940624057853,11164,64139,55,1,55
720575940611379569,720575940618757666,11164,36451,34,1,34
720575940611379569,720575940623788040,11164,62586,14,1,14
720575940611379569,720575940616169578,11164,26371,10,1,10
720575940611379569,720575940648650884,11164,136417,55,1,55
720575940611379569,720575940635945919,11164,119222,58,1,58
720575940611379569,720575940618308825,11164,34586,83,1,83
720575940611379569,720575940613590501,11164,17854,27,1,27
720575940611379569,720575940628467611,11164,88453,35,1,35
720575940611379569,720575940624879911,11164,68599,9,1,9
720575940611379569,720575940630770042,11164,100454,68,1,68
720575940611379569,720575940623528925,11164,61301,15,1,15
720575940611379569,720575940623636701,11164,61846,27,1,27
720575940611379569,720575940638128474,11164,124101,9,1,9
720575940611379569,720575940632795532,11164,110077,46,1,46
720575940611379569,720575940611079236,11164,10480,13,1,13
720575940611379569,720575940637056887,11164,121664,53,1,53
720575940611563310,720575940628406538,11645,88104,12,-1,-12
720575940611563310,720575940628038808,11645,85900,14,-1,-14
720575940611563310,720575940606756030,11645,3807,38,-1,-38
720575940611563310,720575940614710509,11645,21291,1,-1,-1
720575940611563310,720575940645693988,11645,134541,4,-1,-4
720575940611563310,720575940636543668,11645,120535,18,-1,-18
720575940611563310,720575940618554041,11645,35604,1482,-1,-1482
720575940611563310,720575940628762280,11645,90031,15,-1,-15
720575940611563310,720575940612976497,11645,15923,2,-1,-2
720575940611563310,720575940622331830,11645,54462,13,-1,-13
720575940611563310,720575940623888397,11645,63126,36,-1,-36
720575940611563310,720575940621619627,11645,50303,26,-1,-26
720575940611563310,720575940626872932,11645,78877,66,-1,-66
720575940611563310,720575940623499132,11645,61120,31,-1,-31
720575940612264817,720575940613455986,13536,17428,9,-1,-9
720575940612264817,720575940626309562,13536,75832,11,-1,-11
720575940612264817,720575940616733323,13536,28259,388,-1,-388
720575940612264817,720575940640834211,13536,130068,3,-1,-3
720575940612264817,720575940621640363,13536,50424,12,-1,-12
720575940612264817,720575940634854554,13536,116223,2,-1,-2
720575940612264817,720575940618987600,13536,37365,22,-1,-22
720575940612264817,720575940625049781,13536,69626,4,-1,-4
720575940612264817,720575940626246525,13536,75529,80,-1,-80
720575940612264817,720575940623781127,13536,62546,22,-1,-22
720575940612264817,720575940614614495,13536,20921,2,-1,-2
720575940612264817,720575940610584184,13536,9455,50,-1,-50
720575940612264817,720575940618366843,13536,34813,18,-1,-18
720575940612264817,720575940635119723,13536,116937,9,-1,-9
720575940612264817,720575940627796298,13536,84472,22,-1,-22
720575940612264817,720575940607635913,13536,4898,1,-1,-1
720575940612264817,720575940632080977,13536,106885,1,-1,-1
720575940612264817,720575940605899692,13536,2455,4,-1,-4
720575940612264817,720575940626977947,13536,79515,4,-1,-4
720575940612264817,720575940637611365,13536,122896,8,-1,-8
720575940612264817,720575940644632087,13536,133341,6,-1,-6
720575940612264817,720575940632689199,13536,109569,3,-1,-3
720575940612264817,720575940625357547,13536,71057,77,-1,-77
720575940612264817,720575940626783065,13536,78311,222,-1,-222
720575940612264817,720575940609137500,13536,6936,2,-1,-2
720575940612264817,720575940619918203,13536,40992,2,-1,-2
720575940612264817,720575940633787309,13536,113568,16,-1,-16
720575940612264817,720575940606696369,13536,3692,28,-1,-28
720575940612264817,720575940635089945,13536,116843,1,-1,-1
720575940612264817,720575940624931888,13536,68913,8,-1,-8
720575940612264817,720575940628200551,13536,86814,3,-1,-3
720575940612264817,720575940623957173,13536,63536,2,-1,-2
720575940612264817,720575940618321364,13536,34640,2,-1,-2
720575940612264817,720575940623113752,13536,58832,18,-1,-18
720575940612264817,720575940619148829,13536,38032,3,-1,-3
720575940612264817,720575940618444473,13536,35141,4,-1,-4
720575940612264817,720575940613783277,13536,18478,16,-1,-16
720575940612603289,720575940631190016,14630,102727,1,1,1
720575940612603289,720575940645693988,14630,134541,2,1,2
720575940612603289,720575940622516852,14630,55498,4,1,4
720575940612603289,720575940635202204,14630,117221,1,1,1
720575940612603289,720575940604737708,14630,904,70,1,70
720575940612603289,720575940612976497,14630,15923,1,1,1
720575940612603289,720575940630085583,14630,96843,3,1,3
720575940612603289,720575940639172585,14630,126538,1,1,1
720575940612718563,720575940638900713,15002,125852,1,-1,-1
720575940612718563,720575940622516852,15002,55498,1,-1,-1
720575940612718563,720575940623475324,15002,60985,196,-1,-196
720575940612718563,720575940621148948,15002,47604,1,-1,-1
720575940612718563,720575940644702112,15002,133436,135,-1,-135
720575940612718563,720575940639172585,15002,126538,2,-1,-2
720575940612718563,720575940645693988,15002,134541,1,-1,-1
720575940612718563,720575940621619627,15002,50303,5,-1,-5
720575940612718563,720575940632080977,15002,106885,1,-1,-1
720575940612718563,720575940631180599,15002,102668,1,-1,-1
720575940612718563,720575940626462014,15002,76592,47,-1,-47
720575940612718563,720575940628346634,15002,87693,3,-1,-3
720575940612718563,720575940629461442,15002,93663,1,-1,-1
720575940612718563,720575940620802836,15002,45589,147,-1,-147
720575940612718563,720575940609137500,15002,6936,2,-1,-2
720575940612718563,720575940627996285,15002,85630,1,-1,-1
720575940612718563,720575940630487035,15002,98881,103,-1,-103
720575940612976497,720575940631945815,15923,106213,1,1,1
720575940612976497,720575940622516852,15923,55498,3,1,3
720575940612976497,720575940628038808,15923,85900,7,1,7
720575940612976497,720575940606756030,15923,3807,15,1,15
720575940612976497,720575940614710509,15923,21291,13,1,13
720575940612976497,720575940627277242,15923,81468,8,1,8
720575940612976497,720575940632069583,15923,106827,924,1,924
720575940612976497,720575940636543668,15923,120535,669,1,669
720575940612976497,720575940618554041,15923,35604,2,1,2
720575940612976497,720575940640263989,15923,128969,1,1,1
720575940612976497,720575940622331830,15923,54462,1,1,1
720575940612976497,720575940623888397,15923,63126,9,1,9
720575940612976497,720575940626403917,15923,76326,3,1,3
720575940612976497,720575940604737708,15923,904,1,1,1
720575940612976497,720575940634638562,15923,115673,748,1,748
720575940612976497,720575940626872932,15923,78877,2,1,2
720575940612976497,720575940611563310,15923,11645,6,1,6
720575940612976497,720575940623499132,15923,61120,18,1,18
720575940613065130,720575940624973831,16213,69145,21,-1,-21
720575940613065130,720575940627497244,16213,82815,1,-1,-1
720575940613065130,720575940638900713,16213,125852,5,-1,-5
720575940613065130,720575940621371045,16213,48838,11,-1,-11
720575940613065130,720575940626977947,16213,79515,2,-1,-2
720575940613065130,720575940626979621,16213,79529,54,-1,-54
720575940613065130,720575940621116807,16213,47410,7,-1,-7
720575940613065130,720575940627604977,16213,83388,12,-1,-12
720575940613065130,720575940627706398,16213,83920,2,-1,-2
720575940613065130,720575940609258850,16213,7131,6,-1,-6
720575940613065130,720575940628592968,16213,89117,19,-1,-19
720575940613065130,720575940629609457,16213,94443,4,-1,-4
720575940613065130,720575940628200551,16213,86814,1,-1,-1
720575940613065130,720575940615028143,16213,22366,1,-1,-1
720575940613065130,720575940629513478,16213,93983,7,-1,-7
720575940613065130,720575940640851363,16213,130107,215,-1,-215
720575940613065130,720575940630006521,16213,96463,1,-1,-1
720575940613065130,720575940616736198,16213,28268,5,-1,-5
720575940613065130,720575940608545219,16213,6128,1,-1,-1
720575940613065130,720575940626403917,16213,76326,1,-1,-1
720575940613065130,720575940621195290,16213,47847,2,-1,-2
720575940613065130,720575940615723314,16213,24792,3,-1,-3
720575940613065130,720575940652554657,16213,137195,1,-1,-1
720575940613065130,720575940637547365,16213,122752,3,-1,-3
720575940613065130,720575940617691734,16213,31898,2,-1,-2
720575940613065130,720575940614710509,16213,21291,5,-1,-5
720575940613065130,720575940635684762,16213,118536,12,-1,-12
720575940613455986,720575940626044942,17428,74593,4,1,4
720575940613455986,720575940625049781,17428,69626,1,1,1
720575940613455986,720575940610505006,17428,9313,7,1,7
720575940613455986,720575940627796298,17428,84472,8,1,8
720575940613455986,720575940626309562,17428,75832,1,1,1
720575940613455986,720575940608545219,17428,6128,1,1,1
720575940613455986,720575940638900713,17428,125852,35,1,35
720575940613455986,720575940645693988,17428,134541,7,1,7
720575940613455986,720575940633305681,17428,112021,1,1,1
720575940613455986,720575940632080977,17428,106885,1,1,1
720575940613455986,720575940632777320,17428,109989,2,1,2
720575940613455986,720575940623475324,17428,60985,4,1,4
720575940613455986,720575940616733323,17428,28259,16,1,16
720575940613455986,720575940640834211,17428,130068,230,1,230
720575940613455986,720575940621640363,17428,50424,3,1,3
720575940613455986,720575940625357547,17428,71057,10,1,10
720575940613455986,720575940626783065,17428,78311,3,1,3
720575940613455986,720575940609137500,17428,6936,1,1,1
720575940613455986,720575940612264817,17428,13536,3,1,3
720575940613455986,720575940626246525,17428,75529,1,1,1
720575940613455986,720575940605899692,17428,2455,1,1,1
720575940613455986,720575940606696369,17428,3692,1,1,1
720575940613455986,720575940625525740,17428,71912,8,1,8
720575940613455986,720575940629609457,17428,94443,32,1,32
720575940613455986,720575940636611576,17428,120706,1,1,1
720575940613455986,720575940635089945,17428,116843,1,1,1
720575940613455986,720575940624931888,17428,68913,8,1,8
720575940613455986,720575940622523508,17428,55547,5,1,5
720575940613455986,720575940628069501,17428,86059,4,1,4
720575940613455986,720575940634854554,17428,116223,7,1,7
720575940613455986,720575940623957173,17428,63536,1,1,1
720575940613455986,720575940629513478,17428,93983,1,1,1
720575940613455986,720575940618321364,17428,34640,1,1,1
720575940613455986,720575940623113752,17428,58832,8,1,8
720575940613455986,720575940619148829,17428,38032,6,1,6
720575940613455986,720575940610584184,17428,9455,1,1,1
720575940613455986,720575940627996285,17428,85630,15,1,15
720575940613455986,720575940621371045,17428,48838,2,1,2
720575940613455986,720575940618444473,17428,35141,3,1,3
720575940613455986,720575940620023686,17428,41504,13,1,13
720575940613455986,720575940644702112,17428,133436,15,1,15
720575940613455986,720575940625952755,17428,74067,1,1,1
720575940613583001,720575940621164720,17837,47684,499,-1,-499
720575940613583001,720575940637098352,17837,121757,5,-1,-5
720575940613583001,720575940640031360,17837,128444,2,-1,-2
720575940613583001,720575940614374034,17837,20169,2,-1,-2
720575940613583001,720575940617749538,17837,32109,107,-1,-107
720575940613583001,720575940615366055,17837,23582,54,-1,-54
720575940613583001,720575940633626337,17837,113066,2,-1,-2
720575940613583001,720575940625934094,17837,73972,661,-1,-661
720575940613583001,720575940614137809,17837,19409,12,-1,-12
720575940613583001,720575940609460491,17837,7499,53,-1,-53
720575940613583001,720575940603464672,17837,202,30,-1,-30
720575940613583001,720575940619071005,17837,37714,105,-1,-105
720575940613583001,720575940620464321,17837,43601,11,-1,-11
720575940613583001,720575940624879911,17837,68599,70,-1,-70
720575940613583001,720575940621529435,17837,49729,35,-1,-35
720575940613583001,720575940637594334,17837,122856,24,-1,-24
720575940613583001,720575940622726271,17837,56643,72,-1,-72
720575940613583001,720575940628895750,17837,90809,2,-1,-2
720575940613583001,720575940621457690,17837,49360,1,-1,-1
720575940613583001,720575940633893401,17837,113894,1,-1,-1
720575940613583001,720575940621040737,17837,46961,34,-1,-34
720575940613583001,720575940624694503,17837,67617,32,-1,-32
720575940613583001,720575940635983770,17837,119328,64,-1,-64
720575940613590501,720575940623788040,17854,62586,37,1,37
720575940613590501,720575940632403986,17854,108296,120,1,120
720575940613590501,720575940616169578,17854,26371,11,1,11
720575940613590501,720575940648650884,17854,136417,37,1,37
720575940613590501,720575940623636701,17854,61846,136,1,136
720575940613590501,720575940624879911,17854,68599,2,1,2
720575940613590501,720575940638128474,17854,124101,34,1,34
720575940613590501,720575940611379569,17854,11164,23,1,23
720575940613590501,720575940630770042,17854,100454,71,1,71
720575940613590501,720575940632795532,17854,110077,73,1,73
720575940613590501,720575940635945919,17854,119222,409,1,409
720575940613590501,720575940623528925,17854,61301,45,1,45
720575940613590501,720575940611079236,17854,10480,24,1,24
720575940613590501,720575940618308825,17854,34586,136,1,136
720575940613590501,720575940623000858,17854,58146,64,1,64
720575940613590501,720575940624057853,17854,64139,12,1,12
720575940613590501,720575940618757666,17854,36451,11,1,11
720575940613590501,720575940637056887,17854,121664,67,1,67
720575940613590501,720575940628467611,17854,88453,21,1,21
720575940613686698,720575940626039996,18198,74562,7,-1,-7
720575940613686698,720575940623444044,18198,60791,33,-1,-33
720575940613686698,720575940633176204,18198,111486,2,-1,-2
720575940613686698,720575940625550823,18198,72015,40,-1,-40
720575940613686698,720575940626403917,18198,76326,1,-1,-1
720575940613686698,720575940608235186,18198,5712,41,-1,-41
720575940613686698,720575940628346634,18198,87693,1,-1,-1
720575940613686698,720575940621393172,18198,48970,5,-1,-5
720575940613783277,720575940613455986,18478,17428,1,1,1
720575940613783277,720575940626309562,18478,75832,1,1,1
720575940613783277,720575940633305681,18478,112021,3,1,3
720575940613783277,720575940616733323,18478,28259,1,1,1
720575940613783277,720575940621640363,18478,50424,1,1,1
720575940613783277,720575940644702112,18478,133436,3,1,3
720575940613783277,720575940639172585,18478,126538,30,1,30
720575940613783277,720575940618987600,18478,37365,1,1,1
720575940613783277,720575940633176204,18478,111486,2,1,2
720575940613783277,720575940610584184,18478,9455,17,1,17
720575940613783277,720575940625952755,18478,74067,3,1,3
720575940613783277,720575940635119723,18478,116937,1,1,1
720575940613783277,720575940621103239,18478,47334,2,1,2
720575940613783277,720575940627796298,18478,84472,4,1,4
720575940613783277,720575940607635913,18478,4898,1,1,1
720575940613783277,720575940612264817,18478,13536,3,1,3
720575940613783277,720575940643255693,18478,132192,1,1,1
720575940613783277,720575940624225741,18478,65148,1,1,1
720575940613783277,720575940620023686,18478,41504,9,1,9
720575940613783277,720575940609137500,18478,6936,1,1,1
720575940613783277,720575940619918203,18478,40992,6,1,6
720575940613783277,720575940606696369,18478,3692,3,1,3
720575940613783277,720575940624931888,18478,68913,10,1,10
720575940613783277,720575940622523508,18478,55547,1,1,1
720575940613783277,720575940628069501,18478,86059,2,1,2
720575940613783277,720575940618321364,18478,34640,1,1,1
720575940613783277,720575940623113752,18478,58832,3,1,3
720575940613783277,720575940619148829,18478,38032,3,1,3
720575940613783277,720575940618444473,18478,35141,5,1,5
720575940614137809,720575940637098352,19409,121757,3,-1,-3
720575940614137809,720575940640031360,19409,128444,3,-1,-3
720575940614137809,720575940615366055,19409,23582,40,-1,-40
720575940614137809,720575940633626337,19409,113066,5,-1,-5
720575940614137809,720575940609460491,19409,7499,13,-1,-13
720575940614137809,720575940603464672,19409,202,13,-1,-13
720575940614137809,720575940618308825,19409,34586,6,-1,-6
720575940614137809,720575940619071005,19409,37714,39,-1,-39
720575940614137809,720575940628467611,19409,88453,2,-1,-2
720575940614137809,720575940613583001,19409,17837,15,-1,-15
720575940614137809,720575940624879911,19409,68599,9,-1,-9
720575940614137809,720575940621529435,19409,49729,22,-1,-22
720575940614137809,720575940630770042,19409,100454,1,-1,-1
720575940614137809,720575940637594334,19409,122856,36,-1,-36
720575940614137809,720575940622726271,19409,56643,25,-1,-25
720575940614137809,720575940632311115,19409,107839,1,-1,-1
720575940614137809,720575940636489140,19409,120390,1,-1,-1
720575940614137809,720575940624547622,19409,66912,4,-1,-4
720575940614137809,720575940635983770,19409,119328,16,-1,-16
720575940614374034,720575940628895750,20169,90809,4,-1,-4
720575940614374034,720575940613583001,20169,17837,10,-1,-10
720575940614374034,720575940610505006,20169,9313,5,-1,-5
720575940614374034,720575940624712206,20169,67725,1,-1,-1
720575940614374034,720575940633893401,20169,113894,18,-1,-18
720575940614374034,720575940620802836,20169,45589,1,-1,-1
720575940614374034,720575940622160705,20169,53457,2,-1,-2
720575940614374034,720575940629513478,20169,93983,1,-1,-1
720575940614374034,720575940621689727,20169,50739,4,-1,-4
720575940614374034,720575940619615552,20169,39669,3,-1,-3
720575940614374034,720575940615255603,20169,23215,5,-1,-5
720575940614374034,720575940632469290,20169,108631,1,-1,-1
720575940614614495,720575940627497244,20921,82815,1,1,1
720575940614614495,720575940626309562,20921,75832,2,1,2
720575940614614495,720575940638900713,20921,125852,3,1,3
720575940614614495,720575940617691734,20921,31898,3,1,3
720575940614614495,720575940640834211,20921,130068,3,1,3
720575940614614495,720575940606149321,20921,2860,1,1,1
720575940614614495,720575940617257985,20921,30179,1,1,1
720575940614614495,720575940640736371,20921,129880,1,1,1
720575940614614495,720575940614710509,20921,21291,3,1,3
720575940614614495,720575940629513478,20921,93983,2,1,2
720575940614614495,720575940650935673,20921,136978,4,1,4
720575940614614495,720575940640851363,20921,130107,4,1,4
720575940614614495,720575940621371045,20921,48838,69,1,69
720575940614614495,720575940639172585,20921,126538,1,1,1
720575940614614495,720575940625049781,20921,69626,24,1,24
720575940614614495,720575940613065130,20921,16213,54,1,54
720575940614614495,720575940630006521,20921,96463,5,1,5
720575940614614495,720575940623781127,20921,62546,33,1,33
720575940614614495,720575940616736198,20921,28268,8,1,8
720575940614614495,720575940610584184,20921,9455,6,1,6
720575940614614495,720575940635684762,20921,118536,49,1,49
720575940614614495,720575940604088288,20921,472,1,1,1
720575940614614495,720575940622364854,20921,54686,1,1,1
720575940614614495,720575940627796298,20921,84472,2,1,2
720575940614614495,720575940608545219,20921,6128,2,1,2
720575940614614495,720575940618932763,20921,37128,1,1,1
720575940614614495,720575940637611365,20921,122896,1,1,1
720575940614614495,720575940625102224,20921,69919,1,1,1
720575940614614495,720575940622186305,20921,53582,2,1,2
720575940614614495,720575940626044942,20921,74593,1,1,1
720575940614614495,720575940621195290,20921,47847,1,1,1
720575940614614495,720575940610505006,20921,9313,56,1,56
720575940614614495,720575940628592968,20921,89117,1,1,1
720575940614614495,720575940650416505,20921,136795,6,1,6
720575940614614495,720575940652554657,20921,137195,1,1,1
720575940614614495,720575940626848275,20921,78706,1,1,1
720575940614614495,720575940629437054,20921,93547,18,1,18
720575940614614495,720575940625357547,20921,71057,34,1,34
720575940614614495,720575940626783065,20921,78311,1,1,1
720575940614614495,720575940637547365,20921,122752,2,1,2
720575940614614495,720575940635089945,20921,116843,2,1,2
720575940614614495,720575940628200551,20921,86814,10,1,10
720575940614614495,720575940619615552,20921,39669,10,1,10
720575940614614495,720575940618321364,20921,34640,2,1,2
720575940614614495,720575940632821352,20921,110191,1,1,1
720575940614614495,720575940618444473,20921,35141,21,1,21
720575940614614495,720575940632469290,20921,108631,4,1,4
720575940614710509,720575940624973831,21291,69145,3,-1,-3
720575940614710509,720575940627497244,21291,82815,3,-1,-3
720575940614710509,720575940622516852,21291,55498,14,-1,-14
720575940614710509,720575940606756030,21291,3807,9,-1,-9
720575940614710509,720575940621371045,21291,48838,1,-1,-1
720575940614710509,720575940636543668,21291,120535,268,-1,-268
720575940614710509,720575940621801819,21291,51422,157,-1,-157
720575940614710509,720575940626979621,21291,79529,13,-1,-13
720575940614710509,720575940650935673,21291,136978,14,-1,-14
720575940614710509,720575940621116807,21291,47410,21,-1,-21
720575940614710509,720575940627277242,21291,81468,5,-1,-5
720575940614710509,720575940628592968,21291,89117,6,-1,-6
720575940614710509,720575940628038808,21291,85900,6,-1,-6
720575940614710509,720575940640851363,21291,130107,28,-1,-28
720575940614710509,720575940613065130,21291,16213,2,-1,-2
720575940614710509,720575940630006521,21291,96463,2,-1,-2
720575940614710509,720575940640263989,21291,128969,117,-1,-117
720575940614710509,720575940604088288,21291,472,1,-1,-1
720575940614710509,720575940629614953,21291,94470,5,-1,-5
720575940614710509,720575940621619627,21291,50303,1,-1,-1
720575940614710509,720575940626403917,21291,76326,7,-1,-7
720575940614710509,720575940621522624,21291,49701,1,-1,-1
720575940614710509,720575940621195290,21291,47847,2,-1,-2
720575940614710509,720575940628307026,21291,87447,73,-1,-73
720575940614710509,720575940611563310,21291,11645,429,-1,-429
720575940614710509,720575940617691734,21291,31898,4,-1,-4
720575940614710509,720575940614614495,21291,20921,1,-1,-1
720575940614710509,720575940612976497,21291,15923,1,-1,-1
720575940614710509,720575940623888397,21291,63126,3,-1,-3
720575940614710509,720575940629461442,21291,93663,1,-1,-1
720575940614710509,720575940626872932,21291,78877,1,-1,-1
720575940614710509,720575940623499132,21291,61120,9,-1,-9
720575940614956072,720575940632403986,22143,108296,8,1,8
720575940614956072,720575940623636701,22143,61846,5,1,5
720575940614956072,720575940630407388,22143,98466,178,1,178
720575940614956072,720575940609460491,22143,7499,132,1,132
720575940614956072,720575940624879911,22143,68599,5,1,5
720575940614956072,720575940621529435,22143,49729,253,1,253
720575940614956072,720575940640803200,22143,130032,9,1,9
720575940614956072,720575940629461442,22143,93663,57,1,57
720575940614956072,720575940605758142,22143,2179,11,1,11
720575940614956072,720575940637594334,22143,122856,243,1,243
720575940614956072,720575940609282825,22143,7178,10,1,10
720575940614956072,720575940603464672,22143,202,229,1,229
720575940614956072,720575940622726271,22143,56643,115,1,115
720575940614956072,720575940615366055,22143,23582,30,1,30
720575940614956072,720575940619071005,22143,37714,115,1,115
720575940614956072,720575940634545890,22143,115447,18,1,18
720575940614956072,720575940635983770,22143,119328,235,1,235
720575940614956072,720575940633294796,22143,111976,171,1,171
720575940615028143,720575940621195290,22366,47847,6,1,6
720575940615028143,720575940622364854,22366,54686,6,1,6
720575940615028143,720575940628406538,22366,88104,5,1,5
720575940615028143,720575940627497244,22366,82815,5,1,5
720575940615028143,720575940610505006,22366,9313,1,1,1
720575940615028143,720575940615723314,22366,24792,3,1,3
720575940615028143,720575940628592968,22366,89117,1,1,1
720575940615028143,720575940650416505,22366,136795,3,1,3
720575940615028143,720575940608545219,22366,6128,7,1,7
720575940615028143,720575940638900713,22366,125852,1,1,1
720575940615028143,720575940633893401,22366,113894,1,1,1
720575940615028143,720575940645693988,22366,134541,36,1,36
720575940615028143,720575940617691734,22366,31898,5,1,5
720575940615028143,720575940629437054,22366,93547,1,1,1
720575940615028143,720575940606149321,22366,2860,2,1,2
720575940615028143,720575940629609457,22366,94443,1,1,1
720575940615028143,720575940627250238,22366,81300,2,1,2
720575940615028143,720575940619615552,22366,39669,6,1,6
720575940615028143,720575940650935673,22366,136978,1,1,1
720575940615028143,720575940625102224,22366,69919,2,1,2
720575940615028143,720575940640851363,22366,130107,1,1,1
720575940615028143,720575940627604977,22366,83388,1,1,1
720575940615028143,720575940631023159,22366,101848,3,1,3
720575940615028143,720575940632821352,22366,110191,3,1,3
720575940615028143,720575940635684762,22366,118536,1,1,1
720575940615255603,720575940610505006,23215,9313,19,-1,-19
720575940615255603,720575940608545219,23215,6128,6,-1,-6
720575940615255603,720575940618932763,23215,37128,1,-1,-1
720575940615255603,720575940628865644,23215,90648,2,-1,-2
720575940615255603,720575940629437054,23215,93547,43,-1,-43
720575940615255603,720575940614374034,23215,20169,1,-1,-1
720575940615255603,720575940606149321,23215,2860,3,-1,-3
720575940615255603,720575940621689727,23215,50739,10,-1,-10
720575940615255603,720575940604470240,23215,676,1,-1,-1
720575940615255603,720575940617257985,23215,30179,4,-1,-4
720575940615255603,720575940629513478,23215,93983,3,-1,-3
720575940615255603,720575940625102224,23215,69919,10,-1,-10
720575940615255603,720575940632469290,23215,108631,1,-1,-1
720575940615255603,720575940604088288,23215,472,28,-1,-28
720575940615366055,720575940613583001,23582,17837,46,1,46
720575940615366055,720575940630407388,23582,98466,13,1,13
720575940615366055,720575940623636701,23582,61846,5,1,5
720575940615366055,720575940637098352,23582,121757,40,1,40
720575940615366055,720575940640803200,23582,130032,29,1,29
720575940615366055,720575940623636957,23582,61850,41,1,41
720575940615366055,720575940640031360,23582,128444,184,1,184
720575940615366055,720575940605758142,23582,2179,45,1,45
720575940615366055,720575940609282825,23582,7178,17,1,17
720575940615366055,720575940614956072,23582,22143,17,1,17
720575940615366055,720575940622726271,23582,56643,4,1,4
720575940615366055,720575940619071005,23582,37714,11,1,11
720575940615366055,720575940633626337,23582,113066,8,1,8
720575940615366055,720575940634545890,23582,115447,9,1,9
720575940615366055,720575940633294796,23582,111976,2,1,2
720575940615366055,720575940614137809,23582,19409,62,1,62
720575940615723314,720575940626044942,24792,74593,30,1,30
720575940615723314,720575940618807454,24792,36647,26,1,26
720575940615723314,720575940604569824,24792,750,2,1,2
720575940615723314,720575940610505006,24792,9313,43,1,43
720575940615723314,720575940652554657,24792,137195,1,1,1
720575940615723314,720575940629461442,24792,93663,20,1,20
720575940615723314,720575940608545219,24792,6128,65,1,65
720575940615723314,720575940638900713,24792,125852,10,1,10
720575940615723314,720575940626848275,24792,78706,33,1,33
720575940615723314,720575940633893401,24792,113894,3,1,3
720575940615723314,720575940618932763,24792,37128,187,1,187
720575940615723314,720575940645693988,24792,134541,4,1,4
720575940615723314,720575940626872932,24792,78877,1,1,1
720575940615723314,720575940632777320,24792,109989,46,1,46
720575940615723314,720575940622516852,24792,55498,8,1,8
720575940615723314,720575940623475324,24792,60985,8,1,8
720575940615723314,720575940629437054,24792,93547,2,1,2
720575940615723314,720575940614374034,24792,20169,1,1,1
720575940615723314,720575940606149321,24792,2860,3,1,3
720575940615723314,720575940630006521,24792,96463,1,1,1
720575940615723314,720575940637547365,24792,122752,1,1,1
720575940615723314,720575940629609457,24792,94443,1,1,1
720575940615723314,720575940628200551,24792,86814,1,1,1
720575940615723314,720575940626977947,24792,79515,62,1,62
720575940615723314,720575940614710509,24792,21291,109,1,109
720575940615723314,720575940629513478,24792,93983,52,1,52
720575940615723314,720575940609258850,24792,7131,8,1,8
720575940615723314,720575940625102224,24792,69919,2,1,2
720575940615723314,720575940627604977,24792,83388,50,1,50
720575940615723314,720575940631842360,24792,105779,5,1,5
720575940615723314,720575940621371045,24792,48838,2,1,2
720575940615723314,720575940604088288,24792,472,6,1,6
720575940615743650,720575940629513222,24869,93981,690,-1,-690
720575940615743650,720575940637689486,24869,123135,22,-1,-22
720575940615743650,720575940625000200,24869,69303,26,-1,-26
720575940615743650,720575940636543668,24869,120535,1,-1,-1
720575940615743650,720575940630810306,24869,100681,16,-1,-16
720575940615743650,720575940636611576,24869,120706,2,-1,-2
720575940615743650,720575940631999685,24869,106501,743,-1,-743
720575940615743650,720575940631147776,24869,102498,12,-1,-12
720575940615743650,720575940627502338,24869,82843,30,-1,-30
720575940615743650,720575940631180599,24869,102668,1,-1,-1
720575940615743650,720575940619991862,24869,41335,524,-1,-524
720575940616169578,720575940632403986,26371,108296,21,1,21
720575940616169578,720575940623000858,26371,58146,38,1,38
720575940616169578,720575940624057853,26371,64139,17,1,17
720575940616169578,720575940618757666,26371,36451,21,1,21
720575940616169578,720575940623788040,26371,62586,7,1,7
720575940616169578,720575940648650884,26371,136417,38,1,38
720575940616169578,720575940635945919,26371,119222,49,1,49
720575940616169578,720575940618308825,26371,34586,116,1,116
720575940616169578,720575940613590501,26371,17854,27,1,27
720575940616169578,720575940628467611,26371,88453,37,1,37
720575940616169578,720575940624879911,26371,68599,5,1,5
720575940616169578,720575940611379569,26371,11164,3,1,3
720575940616169578,720575940630770042,26371,100454,82,1,82
720575940616169578,720575940623636701,26371,61846,25,1,25
720575940616169578,720575940638128474,26371,124101,15,1,15
720575940616169578,720575940632795532,26371,110077,70,1,70
720575940616169578,720575940611079236,26371,10480,10,1,10
720575940616169578,720575940637056887,26371,121664,61,1,61
720575940616534338,720575940622516852,27609,55498,2,1,2
720575940616534338,720575940626039996,27609,74562,434,1,434
720575940616534338,720575940613686698,27609,18198,4,1,4
720575940616534338,720575940639172585,27609,126538,5,1,5
720575940616534338,720575940623444044,27609,60791,169,1,169
720575940616534338,720575940633176204,27609,111486,3,1,3
720575940616534338,720575940625525740,27609,71912,1,1,1
720575940616534338,720575940625550823,27609,72015,1,1,1
720575940616534338,720575940626403917,27609,76326,4,1,4
720575940616534338,720575940608235186,27609,5712,3,1,3
720575940616534338,720575940628346634,27609,87693,6,1,6
720575940616534338,720575940631190016,27609,102727,2,1,2
720575940616534338,720575940628069501,27609,86059,1,1,1
720575940616534338,720575940621393172,27609,48970,369,1,369
720575940616551029,720575940623475324,27687,60985,3,1,3
720575940616551029,720575940621689727,27687,50739,3,1,3
720575940616551029,720575940614710509,27687,21291,21,1,21
720575940616551029,720575940624377224,27687,66072,11,1,11
720575940616551029,720575940614137809,27687,19409,13,1,13
720575940616551029,720575940639172585,27687,126538,5,1,5
720575940616551029,720575940623413116,27687,60591,7,1,7
720575940616551029,720575940621619627,27687,50303,2,1,2
720575940616551029,720575940612264817,27687,13536,18,1,18
720575940616551029,720575940626462014,27687,76592,1,1,1
720575940616551029,720575940632311115,27687,107839,30,1,30
720575940616551029,720575940625102224,27687,69919,12,1,12
720575940616551029,720575940644632087,27687,133341,17,1,17
720575940616551029,720575940633556644,27687,112815,3,1,3
720575940616551029,720575940628895750,27687,90809,5,1,5
720575940616551029,720575940632689199,27687,109569,1,1,1
720575940616551029,720575940633787309,27687,113568,4,1,4
720575940616551029,720575940635089945,27687,116843,4,1,4
720575940616551029,720575940612718563,27687,15002,1,1,1
720575940616733323,720575940618987600,28259,37365,13,1,13
720575940616733323,720575940635119723,28259,116937,2,1,2
720575940616733323,720575940625049781,28259,69626,13,1,13
720575940616733323,720575940627796298,28259,84472,185,1,185
720575940616733323,720575940640834211,28259,130068,101,1,101
720575940616733323,720575940621640363,28259,50424,1,1,1
720575940616733323,720575940625357547,28259,71057,94,1,94
720575940616733323,720575940626783065,28259,78311,4,1,4
720575940616733323,720575940609137500,28259,6936,29,1,29
720575940616733323,720575940612264817,28259,13536,10,1,10
720575940616733323,720575940606696369,28259,3692,1,1,1
720575940616733323,720575940629609457,28259,94443,26,1,26
720575940616733323,720575940635089945,28259,116843,1,1,1
720575940616733323,720575940626977947,28259,79515,1,1,1
720575940616733323,720575940623957173,28259,63536,3,1,3
720575940616733323,720575940637611365,28259,122896,3,1,3
720575940616733323,720575940618321364,28259,34640,58,1,58
720575940616733323,720575940623113752,28259,58832,19,1,19
720575940616733323,720575940610584184,28259,9455,21,1,21
720575940616733323,720575940618444473,28259,35141,11,1,11
720575940616733323,720575940620023686,28259,41504,3,1,3
720575940616736198,720575940613455986,28268,17428,2,-1,-2
720575940616736198,720575940622364854,28268,54686,33,-1,-33
720575940616736198,720575940615723314,28268,24792,2,-1,-2
720575940616736198,720575940628592968,28268,89117,1,-1,-1
720575940616736198,720575940613065130,28268,16213,7,-1,-7
720575940616736198,720575940608545219,28268,6128,6,-1,-6
720575940616736198,720575940638900713,28268,125852,16,-1,-16
720575940616736198,720575940633893401,28268,113894,5,-1,-5
720575940616736198,720575940618932763,28268,37128,26,-1,-26
720575940616736198,720575940617691734,28268,31898,119,-1,-119
720575940616736198,720575940606149321,28268,2860,3,-1,-3
720575940616736198,720575940637547365,28268,122752,46,-1,-46
720575940616736198,720575940621689727,28268,50739,12,-1,-12
720575940616736198,720575940629609457,28268,94443,9,-1,-9
720575940616736198,720575940617257985,28268,30179,32,-1,-32
720575940616736198,720575940628200551,28268,86814,1,-1,-1
720575940616736198,720575940626977947,28268,79515,5,-1,-5
720575940616736198,720575940629513478,28268,93983,12,-1,-12
720575940616736198,720575940619615552,28268,39669,65,-1,-65
720575940616736198,720575940609258850,28268,7131,29,-1,-29
720575940616736198,720575940625102224,28268,69919,10,-1,-10
720575940616736198,720575940640851363,28268,130107,2,-1,-2
720575940616736198,720575940614614495,28268,20921,2,-1,-2
720575940616736198,720575940627604977,28268,83388,13,-1,-13
720575940616736198,720575940631842360,28268,105779,6,-1,-6
720575940616736198,720575940621371045,28268,48838,3,-1,-3
720575940616736198,720575940635684762,28268,118536,12,-1,-12
720575940616736198,720575940604088288,28268,472,3,-1,-3
720575940617257985,720575940626309562,30179,75832,1,-1,-1
720575940617257985,720575940638900713,30179,125852,3,-1,-3
720575940617257985,720575940606149321,30179,2860,1,-1,-1
720575940617257985,720575940621689727,30179,50739,20,-1,-20
720575940617257985,720575940629513478,30179,93983,4,-1,-4
720575940617257985,720575940624377224,30179,66072,3,-1,-3
720575940617257985,720575940627604977,30179,83388,1,-1,-1
720575940617257985,720575940621371045,30179,48838,12,-1,-12
720575940617257985,720575940613065130,30179,16213,4,-1,-4
720575940617257985,720575940626246525,30179,75529,4,-1,-4
720575940617257985,720575940616736198,30179,28268,7,-1,-7
720575940617257985,720575940614614495,30179,20921,2,-1,-2
720575940617257985,720575940635684762,30179,118536,13,-1,-13
720575940617257985,720575940604088288,30179,472,4,-1,-4
720575940617257985,720575940608545219,30179,6128,1,-1,-1
720575940617257985,720575940632777320,30179,109989,1,-1,-1
720575940617257985,720575940626977947,30179,79515,9,-1,-9
720575940617257985,720575940609258850,30179,7131,4,-1,-4
720575940617257985,720575940625102224,30179,69919,9,-1,-9
720575940617257985,720575940615255603,30179,23215,2,-1,-2
720575940617257985,720575940628895750,30179,90809,1,-1,-1
720575940617257985,720575940610505006,30179,9313,2,-1,-2
720575940617257985,720575940629437054,30179,93547,3,-1,-3
720575940617257985,720575940637547365,30179,122752,6,-1,-6
720575940617257985,720575940628200551,30179,86814,86,-1,-86
720575940617257985,720575940619615552,30179,39669,1,-1,-1
720575940617691734,720575940624973831,31898,69145,1,1,1
720575940617691734,720575940621195290,31898,47847,1,1,1
720575940617691734,720575940618987600,31898,37365,2,1,2
720575940617691734,720575940622364854,31898,54686,181,1,181
720575940617691734,720575940650416505,31898,136795,54,1,54
720575940617691734,720575940613065130,31898,16213,7,1,7
720575940617691734,720575940608545219,31898,6128,11,1,11
720575940617691734,720575940638900713,31898,125852,5,1,5
720575940617691734,720575940630006521,31898,96463,12,1,12
720575940617691734,720575940629609457,31898,94443,15,1,15
720575940617691734,720575940640736371,31898,129880,1,1,1
720575940617691734,720575940626977947,31898,79515,11,1,11
720575940617691734,720575940629513478,31898,93983,261,1,261
720575940617691734,720575940609258850,31898,7131,1,1,1
720575940617691734,720575940640851363,31898,130107,8,1,8
720575940617691734,720575940615028143,31898,22366,3,1,3
720575940617691734,720575940616736198,31898,28268,381,1,381
720575940617691734,720575940614614495,31898,20921,5,1,5
720575940617691734,720575940627604977,31898,83388,5,1,5
720575940617691734,720575940621371045,31898,48838,3,1,3
720575940617691734,720575940635684762,31898,118536,80,1,80
720575940617749538,720575940613583001,32109,17837,499,-1,-499
720575940617749538,720575940621164720,32109,47684,3,-1,-3
720575940617749538,720575940620464321,32109,43601,17,-1,-17
720575940617749538,720575940623636957,32109,61850,8,-1,-8
720575940617749538,720575940640031360,32109,128444,13,-1,-13
720575940617749538,720575940638028607,32109,123856,13,-1,-13
720575940617749538,720575940621040737,32109,46961,80,-1,-80
720575940617749538,720575940630496374,32109,98925,1,-1,-1
720575940617749538,720575940624694503,32109,67617,38,-1,-38
720575940617749538,720575940636489140,32109,120390,1,-1,-1
720575940617749538,720575940620975696,32109,46609,4,-1,-4
720575940617749538,720575940633626337,32109,113066,18,-1,-18
720575940617749538,720575940625934094,32109,73972,7,-1,-7
720575940617749538,720575940624547622,32109,66912,239,-1,-239
720575940618165393,720575940622516852,33912,55498,1,-1,-1
720575940618165393,720575940623475324,33912,60985,1,-1,-1
720575940618165393,720575940621148948,33912,47604,1,-1,-1
720575940618165393,720575940604470240,33912,676,1,-1,-1
720575940618165393,720575940617257985,33912,30179,1,-1,-1
720575940618165393,720575940614710509,33912,21291,15,-1,-15
720575940618165393,720575940629513478,33912,93983,8,-1,-8
720575940618165393,720575940621371045,33912,48838,9,-1,-9
720575940618165393,720575940618807454,33912,36647,7,-1,-7
720575940618165393,720575940613065130,33912,16213,1,-1,-1
720575940618165393,720575940625525740,33912,71912,1,-1,-1
720575940618165393,720575940623781127,33912,62546,5,-1,-5
720575940618165393,720575940604088288,33912,472,110,-1,-110
720575940618165393,720575940627796298,33912,84472,2,-1,-2
720575940618165393,720575940608545219,33912,6128,3,-1,-3
720575940618165393,720575940618932763,33912,37128,3,-1,-3
720575940618165393,720575940622160705,33912,53457,2,-1,-2
720575940618165393,720575940625102224,33912,69919,1,-1,-1
720575940618165393,720575940628346634,33912,87693,1,-1,-1
720575940618165393,720575940622186305,33912,53582,3,-1,-3
720575940618165393,720575940626044942,33912,74593,1,-1,-1
720575940618165393,720575940610505006,33912,9313,1,-1,-1
720575940618165393,720575940615723314,33912,24792,3,-1,-3
720575940618165393,720575940616534338,33912,27609,1,-1,-1
720575940618165393,720575940626848275,33912,78706,124,-1,-124
720575940618165393,720575940633893401,33912,113894,8,-1,-8
720575940618165393,720575940629437054,33912,93547,58,-1,-58
720575940618165393,720575940625357547,33912,71057,3,-1,-3
720575940618165393,720575940620802836,33912,45589,2,-1,-2
720575940618165393,720575940626783065,33912,78311,66,-1,-66
720575940618165393,720575940635089945,33912,116843,3,-1,-3
720575940618165393,720575940623432918,33912,60699,3,-1,-3
720575940618165393,720575940627996285,33912,85630,4,-1,-4
720575940618165393,720575940632469290,33912,108631,16,-1,-16
720575940618308825,720575940632403986,34586,108296,11,1,11
720575940618308825,720575940623000858,34586,58146,30,1,30
720575940618308825,720575940618757666,34586,36451,313,1,313
720575940618308825,720575940634707863,34586,115866,3,1,3
720575940618308825,720575940614137809,34586,19409,5,1,5
720575940618308825,720575940623788040,34586,62586,40,1,40
720575940618308825,720575940616169578,34586,26371,38,1,38
720575940618308825,720575940613590501,34586,17854,296,1,296
720575940618308825,720575940628467611,34586,88453,3,1,3
720575940618308825,720575940635119723,34586,116937,16,1,16
720575940618308825,720575940611379569,34586,11164,16,1,16
720575940618308825,720575940623528925,34586,61301,3,1,3
720575940618308825,720575940636489140,34586,120390,1,1,1
720575940618308825,720575940623636701,34586,61846,65,1,65
720575940618308825,720575940638128474,34586,124101,57,1,57
720575940618308825,720575940632795532,34586,110077,31,1,31
720575940618308825,720575940611079236,34586,10480,1,1,1
720575940618308825,720575940624547622,34586,66912,39,1,39
720575940618321364,720575940618987600,34640,37365,15,-1,-15
720575940618321364,720575940635119723,34640,116937,2,-1,-2
720575940618321364,720575940625049781,34640,69626,8,-1,-8
720575940618321364,720575940627796298,34640,84472,4,-1,-4
720575940618321364,720575940626309562,34640,75832,1,-1,-1
720575940618321364,720575940616733323,34640,28259,37,-1,-37
720575940618321364,720575940640834211,34640,130068,19,-1,-19
720575940618321364,720575940621640363,34640,50424,1,-1,-1
720575940618321364,720575940625357547,34640,71057,4,-1,-4
720575940618321364,720575940612264817,34640,13536,8,-1,-8
720575940618321364,720575940619918203,34640,40992,4,-1,-4
720575940618321364,720575940626246525,34640,75529,1,-1,-1
720575940618321364,720575940605899692,34640,2455,2,-1,-2
720575940618321364,720575940633787309,34640,113568,3,-1,-3
720575940618321364,720575940629609457,34640,94443,2,-1,-2
720575940618321364,720575940624931888,34640,68913,22,-1,-22
720575940618321364,720575940626977947,34640,79515,2,-1,-2
720575940618321364,720575940623957173,34640,63536,20,-1,-20
720575940618321364,720575940637611365,34640,122896,42,-1,-42
720575940618321364,720575940644632087,34640,133341,5,-1,-5
720575940618321364,720575940623113752,34640,58832,11,-1,-11
720575940618321364,720575940610584184,34640,9455,169,-1,-169
720575940618321364,720575940618444473,34640,35141,5,-1,-5
720575940618321364,720575940620023686,34640,41504,100,-1,-100
720575940618366843,720575940635119723,34813,116937,8,-1,-8
720575940618366843,720575940627796298,34813,84472,1,-1,-1
720575940618366843,720575940621640363,34813,50424,13,-1,-13
720575940618366843,720575940612264817,34813,13536,4,-1,-4
720575940618366843,720575940633787309,34813,113568,38,-1,-38
720575940618366843,720575940634854554,34813,116223,14,-1,-14
720575940618366843,720575940623957173,34813,63536,3,-1,-3
720575940618366843,720575940623781127,34813,62546,74,-1,-74
720575940618366843,720575940637611365,34813,122896,2,-1,-2
720575940618366843,720575940644632087,34813,133341,7,-1,-7
720575940618366843,720575940610584184,34813,9455,2,-1,-2
720575940618444473,720575940640834211,35141,130068,9,-1,-9
720575940618444473,720575940628908548,35141,90883,40,-1,-40
720575940618444473,720575940636543668,35141,120535,4,-1,-4
720575940618444473,720575940627796298,35141,84472,1,-1,-1
720575940618444473,720575940612264817,35141,13536,3,-1,-3
720575940618444473,720575940606696369,35141,3692,1,-1,-1
720575940618444473,720575940622523508,35141,55547,237,-1,-237
720575940618444473,720575940623113752,35141,58832,3,-1,-3
720575940618444473,720575940619148829,35141,38032,3,-1,-3
720575940618444473,720575940631306284,35141,103357,5,-1,-5
720575940618444473,720575940618987600,35141,37365,5,-1,-5
720575940618444473,720575940625049781,35141,69626,8,-1,-8
720575940618444473,720575940631147776,35141,102498,2,-1,-2
720575940618444473,720575940616534338,35141,27609,1,-1,-1
720575940618444473,720575940613455986,35141,17428,3,-1,-3
720575940618444473,720575940616733323,35141,28259,11,-1,-11
720575940618444473,720575940629513222,35141,93981,1,-1,-1
720575940618444473,720575940637611365,35141,122896,2,-1,-2
720575940618444473,720575940625357547,35141,71057,11,-1,-11
720575940618444473,720575940635089945,35141,116843,6,-1,-6
720575940618444473,720575940624931888,35141,68913,1,-1,-1
720575940618444473,720575940626246525,35141,75529,3,-1,-3
720575940618444473,720575940610584184,35141,9455,1,-1,-1
720575940618444473,720575940625952755,35141,74067,12,-1,-12
720575940618444473,720575940607635913,35141,4898,19,-1,-19
720575940618444473,720575940605899692,35141,2455,26,-1,-26
720575940618444473,720575940618321364,35141,34640,3,-1,-3
720575940618554041,720575940628406538,35604,88104,9,-1,-9
720575940618554041,720575940606756030,35604,3807,6,-1,-6
720575940618554041,720575940614710509,35604,21291,1,-1,-1
720575940618554041,720575940645693988,35604,134541,1,-1,-1
720575940618554041,720575940628762280,35604,90031,28,-1,-28
720575940618554041,720575940622331830,35604,54462,27,-1,-27
720575940618554041,720575940623888397,35604,63126,21,-1,-21
720575940618554041,720575940621619627,35604,50303,1,-1,-1
720575940618554041,720575940611563310,35604,11645,32,-1,-32
720575940618554041,720575940623499132,35604,61120,12,-1,-12
720575940618757666,720575940623788040,36451,62586,48,1,48
720575940618757666,720575940632403986,36451,108296,151,1,151
720575940618757666,720575940616169578,36451,26371,15,1,15
720575940618757666,720575940648650884,36451,136417,39,1,39
720575940618757666,720575940623636701,36451,61846,169,1,169
720575940618757666,720575940638128474,36451,124101,25,1,25
720575940618757666,720575940611379569,36451,11164,20,1,20
720575940618757666,720575940630770042,36451,100454,55,1,55
720575940618757666,720575940632795532,36451,110077,63,1,63
720575940618757666,720575940635945919,36451,119222,471,1,471
720575940618757666,720575940623528925,36451,61301,30,1,30
720575940618757666,720575940611079236,36451,10480,8,1,8
720575940618757666,720575940618308825,36451,34586,165,1,165
720575940618757666,720575940623000858,36451,58146,57,1,57
720575940618757666,720575940613590501,36451,17854,14,1,14
720575940618757666,720575940624057853,36451,64139,13,1,13
720575940618757666,720575940637056887,36451,121664,41,1,41
720575940618757666,720575940628467611,36451,88453,21,1,21
720575940618807454,720575940620918789,36647,46248,1,1,1
720575940618807454,720575940604737708,36647,904,2,1,2
720575940618807454,720575940616534338,36647,27609,18,1,18
720575940618807454,720575940627253604,36647,81321,1,1,1
720575940618807454,720575940621619627,36647,50303,12,1,12
720575940618807454,720575940608545219,36647,6128,1,1,1
720575940618807454,720575940638900713,36647,125852,1,1,1
720575940618807454,720575940631190016,36647,102727,48,1,48
720575940618807454,720575940632689199,36647,109569,1,1,1
720575940618807454,720575940631945815,36647,106213,1,1,1
720575940618807454,720575940626872932,36647,78877,18,1,18
720575940618807454,720575940622516852,36647,55498,46,1,46
720575940618807454,720575940623475324,36647,60985,19,1,19
720575940618807454,720575940640834211,36647,130068,3,1,3
720575940618807454,720575940609137500,36647,6936,1,1,1
720575940618807454,720575940635089945,36647,116843,2,1,2
720575940618807454,720575940628038808,36647,85900,37,1,37
720575940618807454,720575940629513478,36647,93983,1,1,1
720575940618807454,720575940631180599,36647,102668,18,1,18
720575940618807454,720575940626462014,36647,76592,3,1,3
720575940618807454,720575940628082053,36647,86153,6,1,6
720575940618807454,720575940627996285,36647,85630,2,1,2
720575940618807454,720575940628346634,36647,87693,4,1,4
720575940618807454,720575940635684762,36647,118536,1,1,1
720575940618807454,720575940644702112,36647,133436,16,1,16
720575940618807454,720575940612718563,36647,15002,2,1,2
720575940618932763,720575940626044942,37128,74593,2,-1,-2
720575940618932763,720575940604569824,37128,750,3,-1,-3
720575940618932763,720575940610505006,37128,9313,32,-1,-32
720575940618932763,720575940615723314,37128,24792,244,-1,-244
720575940618932763,720575940613065130,37128,16213,15,-1,-15
720575940618932763,720575940608545219,37128,6128,2,-1,-2
720575940618932763,720575940638900713,37128,125852,5,-1,-5
720575940618932763,720575940626848275,37128,78706,6,-1,-6
720575940618932763,720575940645693988,37128,134541,1,-1,-1
720575940618932763,720575940632080977,37128,106885,1,-1,-1
720575940618932763,720575940632777320,37128,109989,1,-1,-1
720575940618932763,720575940623475324,37128,60985,1,-1,-1
720575940618932763,720575940629437054,37128,93547,2,-1,-2
720575940618932763,720575940606149321,37128,2860,5,-1,-5
720575940618932763,720575940637547365,37128,122752,1,-1,-1
720575940618932763,720575940621689727,37128,50739,2,-1,-2
720575940618932763,720575940604470240,37128,676,1,-1,-1
720575940618932763,720575940629609457,37128,94443,1,-1,-1
720575940618932763,720575940617257985,37128,30179,1,-1,-1
720575940618932763,720575940628200551,37128,86814,2,-1,-2
720575940618932763,720575940614710509,37128,21291,8,-1,-8
720575940618932763,720575940629513478,37128,93983,2,-1,-2
720575940618932763,720575940609258850,37128,7131,2,-1,-2
720575940618932763,720575940624377224,37128,66072,6,-1,-6
720575940618932763,720575940625102224,37128,69919,2,-1,-2
720575940618932763,720575940616736198,37128,28268,1,-1,-1
720575940618932763,720575940627604977,37128,83388,1,-1,-1
720575940618932763,720575940631842360,37128,105779,22,-1,-22
720575940618932763,720575940621371045,37128,48838,1,-1,-1
720575940618932763,720575940612976497,37128,15923,18,-1,-18
720575940618932763,720575940623413116,37128,60591,1,-1,-1
720575940618932763,720575940635684762,37128,118536,12,-1,-12
720575940618932763,720575940604088288,37128,472,10,-1,-10
720575940618987600,720575940626044942,37365,74593,13,1,13
720575940618987600,720575940635119723,37365,116937,14,1,14
720575940618987600,720575940625049781,37365,69626,24,1,24
720575940618987600,720575940610505006,37365,9313,3,1,3
720575940618987600,720575940615723314,37365,24792,3,1,3
720575940618987600,720575940616534338,37365,27609,1,1,1
720575940618987600,720575940627796298,37365,84472,81,1,81
720575940618987600,720575940652554657,37365,137195,1,1,1
720575940618987600,720575940613065130,37365,16213,70,1,70
720575940618987600,720575940626309562,37365,75832,1,1,1
720575940618987600,720575940608545219,37365,6128,185,1,185
720575940618987600,720575940638900713,37365,125852,231,1,231
720575940618987600,720575940626848275,37365,78706,204,1,204
720575940618987600,720575940632777320,37365,109989,12,1,12
720575940618987600,720575940622516852,37365,55498,5,1,5
720575940618987600,720575940629437054,37365,93547,17,1,17
720575940618987600,720575940616733323,37365,28259,31,1,31
720575940618987600,720575940640834211,37365,130068,16,1,16
720575940618987600,720575940621640363,37365,50424,22,1,22
720575940618987600,720575940606149321,37365,2860,17,1,17
720575940618987600,720575940625357547,37365,71057,15,1,15
720575940618987600,720575940626783065,37365,78311,5,1,5
720575940618987600,720575940609137500,37365,6936,3,1,3
720575940618987600,720575940637547365,37365,122752,11,1,11
720575940618987600,720575940612264817,37365,13536,4,1,4
720575940618987600,720575940626246525,37365,75529,7,1,7
720575940618987600,720575940633787309,37365,113568,8,1,8
720575940618987600,720575940625525740,37365,71912,6,1,6
720575940618987600,720575940629609457,37365,94443,99,1,99
720575940618987600,720575940617257985,37365,30179,5,1,5
720575940618987600,720575940635089945,37365,116843,26,1,26
720575940618987600,720575940628200551,37365,86814,1,1,1
720575940618987600,720575940626977947,37365,79515,2,1,2
720575940618987600,720575940623957173,37365,63536,3,1,3
720575940618987600,720575940614710509,37365,21291,8,1,8
720575940618987600,720575940629513478,37365,93983,73,1,73
720575940618987600,720575940631180599,37365,102668,1,1,1
720575940618987600,720575940609258850,37365,7131,178,1,178
720575940618987600,720575940637611365,37365,122896,1,1,1
720575940618987600,720575940628082053,37365,86153,4,1,4
720575940618987600,720575940616736198,37365,28268,267,1,267
720575940618987600,720575940618321364,37365,34640,18,1,18
720575940618987600,720575940627604977,37365,83388,41,1,41
720575940618987600,720575940623113752,37365,58832,62,1,62
720575940618987600,720575940631842360,37365,105779,71,1,71
720575940618987600,720575940610584184,37365,9455,15,1,15
720575940618987600,720575940627996285,37365,85630,6,1,6
720575940618987600,720575940621371045,37365,48838,99,1,99
720575940618987600,720575940618444473,37365,35141,38,1,38
720575940618987600,720575940613783277,37365,18478,1,1,1
720575940618987600,720575940635684762,37365,118536,105,1,105
720575940618987600,720575940639172585,37365,126538,1,1,1
720575940619055617,720575940628406538,37633,88104,11,-1,-11
720575940619055617,720575940627497244,37633,82815,14,-1,-14
720575940619055617,720575940622516852,37633,55498,1,-1,-1
720575940619055617,720575940623475324,37633,60985,2,-1,-2
720575940619055617,720575940640736371,37633,129880,5,-1,-5
720575940619055617,720575940650935673,37633,136978,12,-1,-12
720575940619055617,720575940640851363,37633,130107,13,-1,-13
720575940619055617,720575940645693988,37633,134541,1,-1,-1
720575940619055617,720575940614614495,37633,20921,6,-1,-6
720575940619055617,720575940631023159,37633,101848,3,-1,-3
720575940619055617,720575940621522624,37633,49701,2,-1,-2
720575940619055617,720575940621195290,37633,47847,7,-1,-7
720575940619055617,720575940628592968,37633,89117,7,-1,-7
720575940619055617,720575940627250238,37633,81300,129,-1,-129
720575940619055617,720575940615028143,37633,22366,4,-1,-4
720575940619055617,720575940632821352,37633,110191,51,-1,-51
720575940619071005,720575940632403986,37714,108296,7,1,7
720575940619071005,720575940613583001,37714,17837,30,1,30
720575940619071005,720575940630407388,37714,98466,79,1,79
720575940619071005,720575940623636701,37714,61846,11,1,11
720575940619071005,720575940640803200,37714,130032,26,1,26
720575940619071005,720575940623636957,37714,61850,5,1,5
720575940619071005,720575940640031360,37714,128444,26,1,26
720575940619071005,720575940605758142,37714,2179,34,1,34
720575940619071005,720575940609282825,37714,7178,6,1,6
720575940619071005,720575940614956072,37714,22143,41,1,41
720575940619071005,720575940622726271,37714,56643,7,1,7
720575940619071005,720575940615366055,37714,23582,48,1,48
720575940619071005,720575940633626337,37714,113066,70,1,70
720575940619071005,720575940634545890,37714,115447,1,1,1
720575940619071005,720575940633294796,37714,111976,11,1,11
720575940619071005,720575940614137809,37714,19409,35,1,35
720575940619134789,720575940628695043,37974,89673,122,1,122
720575940619134789,720575940620464321,37974,43601,2,1,2
720575940619134789,720575940631103744,37974,102264,27,1,27
720575940619134789,720575940621457690,37974,49360,61,1,61
720575940619134789,720575940637098352,37974,121757,7,1,7
720575940619134789,720575940623636957,37974,61850,1,1,1
720575940619134789,720575940628455942,37974,88385,388,1,388
720575940619134789,720575940640031360,37974,128444,2,1,2
720575940619134789,720575940609137500,37974,6936,1,1,1
720575940619134789,720575940623387786,37974,60448,13,1,13
720575940619134789,720575940624694503,37974,67617,2,1,2
720575940619134789,720575940636489140,37974,120390,13,1,13
720575940619134789,720575940633556644,37974,112815,1,1,1
720575940619134789,720575940633626337,37974,113066,2,1,2
720575940619148829,720575940613455986,38032,17428,12,1,12
720575940619148829,720575940626309562,38032,75832,15,1,15
720575940619148829,720575940616733323,38032,28259,7,1,7
720575940619148829,720575940621640363,38032,50424,1,1,1
720575940619148829,720575940644702112,38032,133436,2,1,2
720575940619148829,720575940639172585,38032,126538,1,1,1
720575940619148829,720575940618987600,38032,37365,1,1,1
720575940619148829,720575940625049781,38032,69626,1,1,1
720575940619148829,720575940636543668,38032,120535,1,1,1
720575940619148829,720575940626246525,38032,75529,20,1,20
720575940619148829,720575940610584184,38032,9455,3,1,3
720575940619148829,720575940627796298,38032,84472,18,1,18
720575940619148829,720575940607635913,38032,4898,1,1,1
720575940619148829,720575940612264817,38032,13536,29,1,29
720575940619148829,720575940605899692,38032,2455,3,1,3
720575940619148829,720575940637611365,38032,122896,1,1,1
720575940619148829,720575940620023686,38032,41504,56,1,56
720575940619148829,720575940625357547,38032,71057,2,1,2
720575940619148829,720575940619918203,38032,40992,1,1,1
720575940619148829,720575940633787309,38032,113568,2,1,2
720575940619148829,720575940606696369,38032,3692,1,1,1
720575940619148829,720575940635089945,38032,116843,2,1,2
720575940619148829,720575940624931888,38032,68913,101,1,101
720575940619148829,720575940622523508,38032,55547,6,1,6
720575940619148829,720575940628069501,38032,86059,2,1,2
720575940619148829,720575940623957173,38032,63536,2,1,2
720575940619148829,720575940618321364,38032,34640,10,1,10
720575940619148829,720575940623113752,38032,58832,4,1,4
720575940619148829,720575940613783277,38032,18478,4,1,4
720575940619615552,720575940628895750,39669,90809,2,-1,-2
720575940619615552,720575940624973831,39669,69145,1,-1,-1
720575940619615552,720575940622364854,39669,54686,1,-1,-1
720575940619615552,720575940604569824,39669,750,3,-1,-3
720575940619615552,720575940610505006,39669,9313,7,-1,-7
720575940619615552,720575940650416505,39669,136795,1,-1,-1
720575940619615552,720575940613065130,39669,16213,1,-1,-1
720575940619615552,720575940626309562,39669,75832,3,-1,-3
720575940619615552,720575940608545219,39669,6128,11,-1,-11
720575940619615552,720575940633893401,39669,113894,8,-1,-8
720575940619615552,720575940618932763,39669,37128,1,-1,-1
720575940619615552,720575940628865644,39669,90648,3,-1,-3
720575940619615552,720575940629437054,39669,93547,21,-1,-21
720575940619615552,720575940606149321,39669,2860,2,-1,-2
720575940619615552,720575940626246525,39669,75529,4,-1,-4
720575940619615552,720575940621689727,39669,50739,6,-1,-6
720575940619615552,720575940629609457,39669,94443,2,-1,-2
720575940619615552,720575940617257985,39669,30179,3,-1,-3
720575940619615552,720575940628200551,39669,86814,56,-1,-56
720575940619615552,720575940629513478,39669,93983,4,-1,-4
720575940619615552,720575940609258850,39669,7131,71,-1,-71
720575940619615552,720575940624377224,39669,66072,4,-1,-4
720575940619615552,720575940625102224,39669,69919,21,-1,-21
720575940619615552,720575940615028143,39669,22366,5,-1,-5
720575940619615552,720575940616736198,39669,28268,50,-1,-50
720575940619615552,720575940614614495,39669,20921,6,-1,-6
720575940619615552,720575940615255603,39669,23215,2,-1,-2
720575940619615552,720575940631842360,39669,105779,3,-1,-3
720575940619615552,720575940635684762,39669,118536,2,-1,-2
720575940619615552,720575940604088288,39669,472,2,-1,-2
720575940619918203,720575940618987600,40992,37365,1,1,1
720575940619918203,720575940613455986,40992,17428,1,1,1
720575940619918203,720575940633176204,40992,111486,2,1,2
720575940619918203,720575940625049781,40992,69626,1,1,1
720575940619918203,720575940627796298,40992,84472,5,1,5
720575940619918203,720575940607635913,40992,4898,52,1,52
720575940619918203,720575940633305681,40992,112021,1,1,1
720575940619918203,720575940616733323,40992,28259,4,1,4
720575940619918203,720575940626783065,40992,78311,3,1,3
720575940619918203,720575940612264817,40992,13536,11,1,11
720575940619918203,720575940636611576,40992,120706,2,1,2
720575940619918203,720575940624931888,40992,68913,2,1,2
720575940619918203,720575940622523508,40992,55547,1,1,1
720575940619918203,720575940628069501,40992,86059,2,1,2
720575940619918203,720575940637611365,40992,122896,3,1,3
720575940619918203,720575940643255693,40992,132192,4,1,4
720575940619918203,720575940624225741,40992,65148,3,1,3
720575940619918203,720575940618321364,40992,34640,15,1,15
720575940619918203,720575940623113752,40992,58832,1,1,1
720575940619918203,720575940613783277,40992,18478,7,1,7
720575940619918203,720575940624258857,40992,65344,1,1,1
720575940619918203,720575940625952755,40992,74067,9,1,9
720575940619991862,720575940629513222,41335,93981,141,-1,-141
720575940619991862,720575940637689486,41335,123135,8,-1,-8
720575940619991862,720575940625000200,41335,69303,61,-1,-61
720575940619991862,720575940615743650,41335,24869,317,-1,-317
720575940619991862,720575940630810306,41335,100681,317,-1,-317
720575940619991862,720575940636611576,41335,120706,1,-1,-1
720575940619991862,720575940631999685,41335,106501,120,-1,-120
720575940619991862,720575940631147776,41335,102498,558,-1,-558
720575940619991862,720575940627502338,41335,82843,1122,-1,-1122
720575940619991862,720575940631180599,41335,102668,3,-1,-3
720575940620008758,720575940622516852,41414,55498,4,-1,-4
720575940620008758,720575940636543668,41414,120535,1,-1,-1
720575940620008758,720575940634612194,41414,115594,17,-1,-17
720575940620008758,720575940627706398,41414,83920,1,-1,-1
720575940620008758,720575940639209956,41414,126635,6,-1,-6
720575940620008758,720575940632427603,41414,108438,2,-1,-2
720575940620008758,720575940629382150,41414,93253,2,-1,-2
720575940620008758,720575940626403917,41414,76326,1,-1,-1
720575940620008758,720575940627190556,41414,80928,7,-1,-7
720575940620008758,720575940628307026,41414,87447,12,-1,-12
720575940620008758,720575940632504874,41414,108774,6,-1,-6
720575940620008758,720575940623888397,41414,63126,41,-1,-41
720575940620023686,720575940618987600,41504,37365,13,1,13
720575940620023686,720575940613455986,41504,17428,16,1,16
720575940620023686,720575940625049781,41504,69626,12,1,12
720575940620023686,720575940627796298,41504,84472,2,1,2
720575940620023686,720575940626309562,41504,75832,2,1,2
720575940620023686,720575940633305681,41504,112021,1,1,1
720575940620023686,720575940616733323,41504,28259,2,1,2
720575940620023686,720575940640834211,41504,130068,5,1,5
720575940620023686,720575940625357547,41504,71057,7,1,7
720575940620023686,720575940605899692,41504,2455,8,1,8
720575940620023686,720575940606696369,41504,3692,2,1,2
720575940620023686,720575940624931888,41504,68913,252,1,252
720575940620023686,720575940622523508,41504,55547,2,1,2
720575940620023686,720575940628069501,41504,86059,1,1,1
720575940620023686,720575940626977947,41504,79515,6,1,6
720575940620023686,720575940618321364,41504,34640,273,1,273
720575940620023686,720575940623113752,41504,58832,278,1,278
720575940620023686,720575940619148829,41504,38032,80,1,80
720575940620023686,720575940610584184,41504,9455,2,1,2
720575940620023686,720575940618444473,41504,35141,12,1,12
720575940620023686,720575940613783277,41504,18478,3,1,3
720575940620464321,720575940628695043,43601,89673,115,-1,-115
720575940620464321,720575940613583001,43601,17837,14,-1,-14
720575940620464321,720575940621164720,43601,47684,16,-1,-16
720575940620464321,720575940631103744,43601,102264,41,-1,-41
720575940620464321,720575940621457690,43601,49360,46,-1,-46
720575940620464321,720575940637098352,43601,121757,6,-1,-6
720575940620464321,720575940628455942,43601,88385,269,-1,-269
720575940620464321,720575940623387786,43601,60448,3,-1,-3
720575940620464321,720575940624694503,43601,67617,36,-1,-36
720575940620464321,720575940636489140,43601,120390,30,-1,-30
720575940620464321,720575940625741287,43601,72956,3,-1,-3
720575940620464321,720575940625934094,43601,73972,7,-1,-7
720575940620464321,720575940619134789,43601,37974,24,-1,-24
720575940620802836,720575940631517251,45589,104365,85,1,85
720575940620802836,720575940618807454,45589,36647,1,1,1
720575940620802836,720575940627253604,45589,81321,32,1,32
720575940620802836,720575940635202204,45589,117221,51,1,51
720575940620802836,720575940621148948,45589,47604,127,1,127
720575940620802836,720575940626462014,45589,76592,4,1,4
720575940620802836,720575940625741287,45589,72956,3,1,3
720575940620802836,720575940628346634,45589,87693,10,1,10
720575940620802836,720575940638668659,45589,125328,1,1,1
720575940620802836,720575940630487035,45589,98881,8,1,8
720575940620918789,720575940628695043,46248,89673,1,1,1
720575940620918789,720575940631517251,46248,104365,1,1,1
720575940620918789,720575940627253604,46248,81321,105,1,105
720575940620918789,720575940635202204,46248,117221,31,1,31
720575940620918789,720575940609137500,46248,6936,3,1,3
720575940620918789,720575940625525740,46248,71912,5,1,5
720575940620918789,720575940627996285,46248,85630,2,1,2
720575940620918789,720575940633556644,46248,112815,3,1,3
720575940620918789,720575940630204155,46248,97451,43,1,43
720575940620918789,720575940639172585,46248,126538,7,1,7
720575940620975696,720575940617749538,46609,32109,2,1,2
720575940620975696,720575940630496374,46609,98925,373,1,373
720575940620975696,720575940637902938,46609,123598,3,1,3
720575940620975696,720575940613583001,46609,17837,1,1,1
720575940620975696,720575940638028607,46609,123856,188,1,188
720575940620975696,720575940621040737,46609,46961,37,1,37
720575940620975696,720575940624547622,46609,66912,1058,1,1058
720575940621040737,720575940617749538,46961,32109,181,1,181
720575940621040737,720575940630496374,46961,98925,1,1,1
720575940621040737,720575940625934094,46961,73972,5,1,5
720575940621040737,720575940628695043,46961,89673,7,1,7
720575940621040737,720575940637902938,46961,123598,15,1,15
720575940621040737,720575940631103744,46961,102264,19,1,19
720575940621040737,720575940623387786,46961,60448,2,1,2
720575940621040737,720575940613583001,46961,17837,53,1,53
720575940621040737,720575940620975696,46961,46609,33,1,33
720575940621040737,720575940624547622,46961,66912,113,1,113
720575940621103239,720575940613455986,47334,17428,1,-1,-1
720575940621103239,720575940626309562,47334,75832,10,-1,-10
720575940621103239,720575940633305681,47334,112021,53,-1,-53
720575940621103239,720575940644702112,47334,133436,3,-1,-3
720575940621103239,720575940633176204,47334,111486,2,-1,-2
720575940621103239,720575940625952755,47334,74067,35,-1,-35
720575940621103239,720575940607635913,47334,4898,5,-1,-5
720575940621103239,720575940605899692,47334,2455,3,-1,-3
720575940621103239,720575940636611576,47334,120706,3,-1,-3
720575940621103239,720575940643255693,47334,132192,9,-1,-9
720575940621103239,720575940624225741,47334,65148,3,-1,-3
720575940621103239,720575940624258857,47334,65344,8,-1,-8
720575940621103239,720575940632689199,47334,109569,1,-1,-1
720575940621103239,720575940625357547,47334,71057,2,-1,-2
720575940621103239,720575940609137500,47334,6936,2,-1,-2
720575940621103239,720575940619918203,47334,40992,34,-1,-34
720575940621103239,720575940606696369,47334,3692,28,-1,-28
720575940621103239,720575940622523508,47334,55547,19,-1,-19
720575940621103239,720575940628069501,47334,86059,13,-1,-13
720575940621103239,720575940613783277,47334,18478,227,-1,-227
720575940621116807,720575940622516852,47410,55498,6,-1,-6
720575940621116807,720575940640851363,47410,130107,2,-1,-2
720575940621116807,720575940613065130,47410,16213,1,-1,-1
720575940621116807,720575940626403917,47410,76326,1,-1,-1
720575940621116807,720575940628592968,47410,89117,1,-1,-1
720575940621116807,720575940639209956,47410,126635,1,-1,-1
720575940621116807,720575940626979621,47410,79529,218,-1,-218
720575940621116807,720575940628307026,47410,87447,8,-1,-8
720575940621148948,720575940624973831,47604,69145,2,-1,-2
720575940621148948,720575940627497244,47604,82815,6,-1,-6
720575940621148948,720575940617691734,47604,31898,1,-1,-1
720575940621148948,720575940622516852,47604,55498,2,-1,-2
720575940621148948,720575940614710509,47604,21291,1,-1,-1
720575940621148948,720575940650935673,47604,136978,28,-1,-28
720575940621148948,720575940640851363,47604,130107,1,-1,-1
720575940621148948,720575940621371045,47604,48838,45,-1,-45
720575940621148948,720575940628082053,47604,86153,1,-1,-1
720575940621148948,720575940614614495,47604,20921,39,-1,-39
720575940621148948,720575940604088288,47604,472,9,-1,-9
720575940621148948,720575940629614953,47604,94470,10,-1,-10
720575940621148948,720575940619055617,47604,37633,7,-1,-7
720575940621148948,720575940621522624,47604,49701,9,-1,-9
720575940621148948,720575940628592968,47604,89117,1,-1,-1
720575940621148948,720575940632469290,47604,108631,7,-1,-7
720575940621148948,720575940630487035,47604,98881,1,-1,-1
720575940621164720,720575940613583001,47684,17837,49,1,49
720575940621164720,720575940620464321,47684,43601,19,1,19
720575940621164720,720575940631103744,47684,102264,8,1,8
720575940621164720,720575940621457690,47684,49360,13,1,13
720575940621164720,720575940637098352,47684,121757,1,1,1
720575940621164720,720575940628455942,47684,88385,198,1,198
720575940621164720,720575940617749538,47684,32109,146,1,146
720575940621164720,720575940624694503,47684,67617,3,1,3
720575940621164720,720575940625741287,47684,72956,1,1,1
720575940621164720,720575940625934094,47684,73972,37,1,37
720575940621164720,720575940619134789,47684,37974,3,1,3
720575940621195290,720575940628895750,47847,90809,20,1,20
720575940621195290,720575940628406538,47847,88104,4,1,4
720575940621195290,720575940627497244,47847,82815,3,1,3
720575940621195290,720575940610505006,47847,9313,2,1,2
720575940621195290,720575940615723314,47847,24792,1,1,1
720575940621195290,720575940628592968,47847,89117,2,1,2
720575940621195290,720575940650416505,47847,136795,2,1,2
720575940621195290,720575940613065130,47847,16213,3,1,3
720575940621195290,720575940608545219,47847,6128,114,1,114
720575940621195290,720575940638900713,47847,125852,21,1,21
720575940621195290,720575940626848275,47847,78706,26,1,26
720575940621195290,720575940633893401,47847,113894,16,1,16
720575940621195290,720575940618932763,47847,37128,2,1,2
720575940621195290,720575940617691734,47847,31898,2,1,2
720575940621195290,720575940623475324,47847,60985,1,1,1
720575940621195290,720575940629437054,47847,93547,1,1,1
720575940621195290,720575940606149321,47847,2860,9,1,9
720575940621195290,720575940630006521,47847,96463,1,1,1
720575940621195290,720575940637547365,47847,122752,2,1,2
720575940621195290,720575940629609457,47847,94443,73,1,73
720575940621195290,720575940627250238,47847,81300,1,1,1
720575940621195290,720575940640736371,47847,129880,1,1,1
720575940621195290,720575940629513478,47847,93983,22,1,22
720575940621195290,720575940619615552,47847,39669,8,1,8
720575940621195290,720575940650935673,47847,136978,3,1,3
720575940621195290,720575940628082053,47847,86153,1,1,1
720575940621195290,720575940625102224,47847,69919,4,1,4
720575940621195290,720575940640851363,47847,130107,1,1,1
720575940621195290,720575940615028143,47847,22366,7,1,7
720575940621195290,720575940616736198,47847,28268,1,1,1
720575940621195290,720575940614614495,47847,20921,5,1,5
720575940621195290,720575940631023159,47847,101848,2,1,2
720575940621195290,720575940631842360,47847,105779,351,1,351
720575940621195290,720575940632821352,47847,110191,2,1,2
720575940621195290,720575940621371045,47847,48838,1,1,1
720575940621195290,720575940635684762,47847,118536,15,1,15
720575940621195290,720575940604088288,47847,472,2,1,2
720575940621371045,720575940624973831,48838,69145,24,-1,-24
720575940621371045,720575940627497244,48838,82815,2,-1,-2
720575940621371045,720575940638900713,48838,125852,2,-1,-2
720575940621371045,720575940617691734,48838,31898,8,-1,-8
720575940621371045,720575940621148948,48838,47604,1,-1,-1
720575940621371045,720575940617257985,48838,30179,1,-1,-1
720575940621371045,720575940614710509,48838,21291,1,-1,-1
720575940621371045,720575940629513478,48838,93983,4,-1,-4
720575940621371045,720575940640851363,48838,130107,12,-1,-12
720575940621371045,720575940630006521,48838,96463,8,-1,-8
720575940621371045,720575940616736198,48838,28268,1,-1,-1
720575940621371045,720575940614614495,48838,20921,10,-1,-10
720575940621371045,720575940635684762,48838,118536,2,-1,-2
720575940621371045,720575940604088288,48838,472,2,-1,-2
720575940621371045,720575940622364854,48838,54686,13,-1,-13
720575940621371045,720575940629614953,48838,94470,2,-1,-2
720575940621371045,720575940608545219,48838,6128,1,-1,-1
720575940621371045,720575940626403917,48838,76326,1,-1,-1
720575940621371045,720575940621195290,48838,47847,2,-1,-2
720575940621371045,720575940628592968,48838,89117,9,-1,-9
720575940621371045,720575940650416505,48838,136795,6,-1,-6
720575940621371045,720575940626848275,48838,78706,1,-1,-1
720575940621371045,720575940615028143,48838,22366,1,-1,-1
720575940621393172,720575940631945815,48970,106213,1,-1,-1
720575940621393172,720575940626039996,48970,74562,4,-1,-4
720575940621393172,720575940613686698,48970,18198,2,-1,-2
720575940621393172,720575940627277242,48970,81468,2,-1,-2
720575940621393172,720575940623444044,48970,60791,17,-1,-17
720575940621393172,720575940623133097,48970,58953,2,-1,-2
720575940621393172,720575940636543668,48970,120535,2,-1,-2
720575940621393172,720575940606692542,48970,3686,8,-1,-8
720575940621393172,720575940625550823,48970,72015,1,-1,-1
720575940621393172,720575940626403917,48970,76326,8,-1,-8
720575940621393172,720575940631180599,48970,102668,3,-1,-3
720575940621393172,720575940608235186,48970,5712,4,-1,-4
720575940621393172,720575940616534338,48970,27609,1,-1,-1
720575940621393172,720575940631190016,48970,102727,213,-1,-213
720575940621393172,720575940635089945,48970,116843,2,-1,-2
720575940621457690,720575940628695043,49360,89673,113,1,113
720575940621457690,720575940628895750,49360,90809,1,1,1
720575940621457690,720575940613583001,49360,17837,1,1,1
720575940621457690,720575940620464321,49360,43601,7,1,7
720575940621457690,720575940631103744,49360,102264,1,1,1
720575940621457690,720575940637098352,49360,121757,5,1,5
720575940621457690,720575940623636957,49360,61850,11,1,11
720575940621457690,720575940628455942,49360,88385,83,1,83
720575940621457690,720575940623387786,49360,60448,68,1,68
720575940621457690,720575940636489140,49360,120390,3,1,3
720575940621457690,720575940625741287,49360,72956,4,1,4
720575940621457690,720575940633626337,49360,113066,2,1,2
720575940621457690,720575940619134789,49360,37974,127,1,127
720575940621522624,720575940628406538,49701,88104,7,-1,-7
720575940621522624,720575940627497244,49701,82815,16,-1,-16
720575940621522624,720575940623475324,49701,60985,1,-1,-1
720575940621522624,720575940640736371,49701,129880,7,-1,-7
720575940621522624,720575940650935673,49701,136978,18,-1,-18
720575940621522624,720575940640851363,49701,130107,9,-1,-9
720575940621522624,720575940614614495,49701,20921,7,-1,-7
720575940621522624,720575940631023159,49701,101848,13,-1,-13
720575940621522624,720575940630204155,49701,97451,1,-1,-1
720575940621522624,720575940629614953,49701,94470,2,-1,-2
720575940621522624,720575940619055617,49701,37633,2,-1,-2
720575940621522624,720575940621195290,49701,47847,3,-1,-3
720575940621522624,720575940628592968,49701,89117,5,-1,-5
720575940621522624,720575940627250238,49701,81300,97,-1,-97
720575940621522624,720575940615028143,49701,22366,16,-1,-16
720575940621522624,720575940632821352,49701,110191,34,-1,-34
720575940621529435,720575940632403986,49729,108296,12,1,12
720575940621529435,720575940613583001,49729,17837,48,1,48
720575940621529435,720575940630407388,49729,98466,6,1,6
720575940621529435,720575940623636701,49729,61846,5,1,5
720575940621529435,720575940637098352,49729,121757,28,1,28
720575940621529435,720575940640803200,49729,130032,20,1,20
720575940621529435,720575940605758142,49729,2179,21,1,21
720575940621529435,720575940637594334,49729,122856,2,1,2
720575940621529435,720575940609282825,49729,7178,2,1,2
720575940621529435,720575940603464672,49729,202,1,1,1
720575940621529435,720575940614956072,49729,22143,92,1,92
720575940621529435,720575940634545890,49729,115447,2,1,2
720575940621529435,720575940633294796,49729,111976,8,1,8
720575940621529435,720575940614137809,49729,19409,5,1,5
720575940621619627,720575940628406538,50303,88104,6,1,6
720575940621619627,720575940628038808,50303,85900,4,1,4
720575940621619627,720575940606756030,50303,3807,1296,1,1296
720575940621619627,720575940645693988,50303,134541,4,1,4
720575940621619627,720575940618554041,50303,35604,7,1,7
720575940621619627,720575940636543668,50303,120535,6,1,6
720575940621619627,720575940612976497,50303,15923,1,1,1
720575940621619627,720575940622331830,50303,54462,2,1,2
720575940621619627,720575940623888397,50303,63126,626,1,626
720575940621619627,720575940631180599,50303,102668,1,1,1
720575940621619627,720575940628346634,50303,87693,1,1,1
720575940621619627,720575940626872932,50303,78877,7,1,7
720575940621619627,720575940611563310,50303,11645,29,1,29
720575940621619627,720575940623499132,50303,61120,770,1,770
720575940621640363,720575940626309562,50424,75832,1,-1,-1
720575940621640363,720575940616733323,50424,28259,24,-1,-24
720575940621640363,720575940634854554,50424,116223,1,-1,-1
720575940621640363,720575940644702112,50424,133436,3,-1,-3
720575940621640363,720575940618987600,50424,37365,16,-1,-16
720575940621640363,720575940626246525,50424,75529,24,-1,-24
720575940621640363,720575940625525740,50424,71912,1,-1,-1
720575940621640363,720575940623781127,50424,62546,77,-1,-77
720575940621640363,720575940614614495,50424,20921,3,-1,-3
720575940621640363,720575940610584184,50424,9455,7,-1,-7
720575940621640363,720575940618366843,50424,34813,13,-1,-13
720575940621640363,720575940635119723,50424,116937,14,-1,-14
720575940621640363,720575940627796298,50424,84472,19,-1,-19
720575940621640363,720575940612264817,50424,13536,11,-1,-11
720575940621640363,720575940626977947,50424,79515,6,-1,-6
720575940621640363,720575940637611365,50424,122896,4,-1,-4
720575940621640363,720575940644632087,50424,133341,2,-1,-2
720575940621640363,720575940625357547,50424,71057,4,-1,-4
720575940621640363,720575940626783065,50424,78311,23,-1,-23
720575940621640363,720575940609137500,50424,6936,2,-1,-2
720575940621640363,720575940633787309,50424,113568,9,-1,-9
720575940621640363,720575940606696369,50424,3692,1,-1,-1
720575940621640363,720575940635089945,50424,116843,4,-1,-4
720575940621640363,720575940618321364,50424,34640,5,-1,-5
720575940621640363,720575940623113752,50424,58832,12,-1,-12
720575940621640363,720575940627996285,50424,85630,3,-1,-3
720575940621640363,720575940618444473,50424,35141,4,-1,-4
720575940621689727,720575940647436835,50739,135864,48,1,48
720575940621689727,720575940628865644,50739,90648,1,1,1
720575940621689727,720575940606149321,50739,2860,7,1,7
720575940621689727,720575940617257985,50739,30179,15,1,15
720575940621689727,720575940614710509,50739,21291,6,1,6
720575940621689727,720575940629513478,50739,93983,3,1,3
720575940621689727,720575940624377224,50739,66072,15,1,15
720575940621689727,720575940604569824,50739,750,68,1,68
720575940621689727,720575940613065130,50739,16213,1,1,1
720575940621689727,720575940631842360,50739,105779,3,1,3
720575940621689727,720575940623413116,50739,60591,38,1,38
720575940621689727,720575940604088288,50739,472,2,1,2
720575940621689727,720575940608545219,50739,6128,15,1,15
720575940621689727,720575940632311115,50739,107839,1,1,1
720575940621689727,720575940625102224,50739,69919,39,1,39
720575940621689727,720575940615255603,50739,23215,10,1,10
720575940621689727,720575940615723314,50739,24792,1,1,1
720575940621689727,720575940626848275,50739,78706,1,1,1
720575940621689727,720575940616551029,50739,27687,4,1,4
720575940621689727,720575940629437054,50739,93547,12,1,12
720575940621689727,720575940629609457,50739,94443,1,1,1
720575940621689727,720575940619615552,50739,39669,5,1,5
720575940621689727,720575940632469290,50739,108631,1,1,1
720575940621801819,720575940606756030,51422,3807,2,-1,-2
720575940621801819,720575940614710509,51422,21291,1,-1,-1
720575940621801819,720575940627277242,51422,81468,12,-1,-12
720575940621801819,720575940636543668,51422,120535,50,-1,-50
720575940621801819,720575940640263989,51422,128969,88,-1,-88
720575940621801819,720575940623888397,51422,63126,6,-1,-6
720575940621801819,720575940626403917,51422,76326,5,-1,-5
720575940621801819,720575940628307026,51422,87447,21,-1,-21
720575940621801819,720575940623499132,51422,61120,2,-1,-2
720575940622160705,720575940628865644,53457,90648,2,-1,-2
720575940622160705,720575940614374034,53457,20169,1,-1,-1
720575940622160705,720575940621689727,53457,50739,3,-1,-3
720575940622160705,720575940604470240,53457,676,3,-1,-3
720575940622160705,720575940624402173,53457,66211,4,-1,-4
720575940622160705,720575940619134789,53457,37974,8,-1,-8
720575940622160705,720575940637902938,53457,123598,1,-1,-1
720575940622160705,720575940604088288,53457,472,7,-1,-7
720575940622160705,720575940608545219,53457,6128,1,-1,-1
720575940622160705,720575940612264817,53457,13536,2,-1,-2
720575940622160705,720575940625102224,53457,69919,5,-1,-5
720575940622160705,720575940615255603,53457,23215,2,-1,-2
720575940622160705,720575940610505006,53457,9313,1,-1,-1
720575940622160705,720575940623636957,53457,61850,7,-1,-7
720575940622160705,720575940633893401,53457,113894,22,-1,-22
720575940622160705,720575940629437054,53457,93547,98,-1,-98
720575940622160705,720575940620802836,53457,45589,1,-1,-1
720575940622160705,720575940626783065,53457,78311,6,-1,-6
720575940622160705,720575940633787309,53457,113568,1,-1,-1
720575940622160705,720575940618165393,53457,33912,2,-1,-2
720575940622160705,720575940623432918,53457,60699,3,-1,-3
720575940622186305,720575940635119723,53582,116937,3,-1,-3
720575940622186305,720575940622160705,53582,53457,2,-1,-2
720575940622186305,720575940626783065,53582,78311,11,-1,-11
720575940622186305,720575940604470240,53582,676,3,-1,-3
720575940622186305,720575940618165393,53582,33912,12,-1,-12
720575940622186305,720575940623957173,53582,63536,8,-1,-8
720575940622186305,720575940623432918,53582,60699,2,-1,-2
720575940622186305,720575940623781127,53582,62546,64,-1,-64
720575940622186305,720575940623113752,53582,58832,3,-1,-3
720575940622186305,720575940610584184,53582,9455,1,-1,-1
720575940622186305,720575940627996285,53582,85630,1,-1,-1
720575940622186305,720575940624402173,53582,66211,2,-1,-2
720575940622186305,720575940612718563,53582,15002,1,-1,-1
720575940622331830,720575940622516852,54462,55498,1,-1,-1
720575940622331830,720575940628038808,54462,85900,1,-1,-1
720575940622331830,720575940606756030,54462,3807,1,-1,-1
720575940622331830,720575940618554041,54462,35604,337,-1,-337
720575940622331830,720575940628762280,54462,90031,55,-1,-55
720575940622331830,720575940623888397,54462,63126,13,-1,-13
720575940622331830,720575940611563310,54462,11645,467,-1,-467
720575940622331830,720575940623499132,54462,61120,2,-1,-2
720575940622364854,720575940624973831,54686,69145,6,1,6
720575940622364854,720575940621195290,54686,47847,1,1,1
720575940622364854,720575940650416505,54686,136795,81,1,81
720575940622364854,720575940652554657,54686,137195,2,1,2
720575940622364854,720575940608545219,54686,6128,1,1,1
720575940622364854,720575940638900713,54686,125852,64,1,64
720575940622364854,720575940617691734,54686,31898,188,1,188
720575940622364854,720575940630006521,54686,96463,4,1,4
720575940622364854,720575940637547365,54686,122752,6,1,6
720575940622364854,720575940629609457,54686,94443,598,1,598
720575940622364854,720575940628200551,54686,86814,1,1,1
720575940622364854,720575940626977947,54686,79515,2,1,2
720575940622364854,720575940629513478,54686,93983,5,1,5
720575940622364854,720575940619615552,54686,39669,1,1,1
720575940622364854,720575940609258850,54686,7131,1,1,1
720575940622364854,720575940640851363,54686,130107,2,1,2
720575940622364854,720575940615028143,54686,22366,5,1,5
720575940622364854,720575940616736198,54686,28268,1059,1,1059
720575940622364854,720575940614614495,54686,20921,2,1,2
720575940622364854,720575940631023159,54686,101848,1,1,1
720575940622364854,720575940635684762,54686,118536,3,1,3
720575940622516852,720575940627497244,55498,82815,82,1,82
720575940622516852,720575940638900713,55498,125852,1,1,1
720575940622516852,720575940640736371,55498,129880,4,1,4
720575940622516852,720575940606756030,55498,3807,20,1,20
720575940622516852,720575940644702112,55498,133436,1,1,1
720575940622516852,720575940636543668,55498,120535,11,1,11
720575940622516852,720575940634612194,55498,115594,8,1,8
720575940622516852,720575940632777320,55498,109989,1,1,1
720575940622516852,720575940635202204,55498,117221,1,1,1
720575940622516852,720575940621801819,55498,51422,36,1,36
720575940622516852,720575940626979621,55498,79529,15,1,15
720575940622516852,720575940623475324,55498,60985,5,1,5
720575940622516852,720575940650935673,55498,136978,7,1,7
720575940622516852,720575940621116807,55498,47410,245,1,245
720575940622516852,720575940627277242,55498,81468,5,1,5
720575940622516852,720575940639172585,55498,126538,1,1,1
720575940622516852,720575940645693988,55498,134541,8,1,8
720575940622516852,720575940619055617,55498,37633,1,1,1
720575940622516852,720575940627706398,55498,83920,10,1,10
720575940622516852,720575940631999685,55498,106501,1,1,1
720575940622516852,720575940616534338,55498,27609,1,1,1
720575940622516852,720575940650416505,55498,136795,2,1,2
720575940622516852,720575940639209956,55498,126635,11,1,11
720575940622516852,720575940627250238,55498,81300,4,1,4
720575940622516852,720575940632427603,55498,108438,1,1,1
720575940622516852,720575940620008758,55498,41414,15,1,15
720575940622516852,720575940632821352,55498,110191,2,1,2
720575940622516852,720575940629382150,55498,93253,2,1,2
720575940622516852,720575940628038808,55498,85900,1,1,1
720575940622516852,720575940640851363,55498,130107,7,1,7
720575940622516852,720575940627253604,55498,81321,2,1,2
720575940622516852,720575940630006521,55498,96463,1,1,1
720575940622516852,720575940640263989,55498,128969,42,1,42
720575940622516852,720575940629614953,55498,94470,2,1,2
720575940622516852,720575940627190556,55498,80928,37,1,37
720575940622516852,720575940631190016,55498,102727,2,1,2
720575940622516852,720575940628307026,55498,87447,30,1,30
720575940622516852,720575940611563310,55498,11645,251,1,251
720575940622516852,720575940614710509,55498,21291,9,1,9
720575940622516852,720575940632504874,55498,108774,25,1,25
720575940622516852,720575940628082053,55498,86153,6,1,6
720575940622516852,720575940635684762,55498,118536,1,1,1
720575940622516852,720575940623888397,55498,63126,48,1,48
720575940622516852,720575940626872932,55498,78877,2,1,2
720575940622516852,720575940623499132,55498,61120,53,1,53
720575940622523508,720575940631306284,55547,103357,5,-1,-5
720575940622523508,720575940613455986,55547,17428,15,-1,-15
720575940622523508,720575940626309562,55547,75832,24,-1,-24
720575940622523508,720575940633305681,55547,112021,8,-1,-8
720575940622523508,720575940629513222,55547,93981,321,-1,-321
720575940622523508,720575940639172585,55547,126538,1,-1,-1
720575940622523508,720575940633176204,55547,111486,1,-1,-1
720575940622523508,720575940625049781,55547,69626,4,-1,-4
720575940622523508,720575940625952755,55547,74067,8,-1,-8
720575940622523508,720575940621103239,55547,47334,89,-1,-89
720575940622523508,720575940607635913,55547,4898,14,-1,-14
720575940622523508,720575940605899692,55547,2455,7,-1,-7
720575940622523508,720575940636611576,55547,120706,13,-1,-13
720575940622523508,720575940631180599,55547,102668,1,-1,-1
720575940622523508,720575940643255693,55547,132192,102,-1,-102
720575940622523508,720575940624225741,55547,65148,116,-1,-116
720575940622523508,720575940624258857,55547,65344,121,-1,-121
720575940622523508,720575940620023686,55547,41504,2,-1,-2
720575940622523508,720575940625357547,55547,71057,2,-1,-2
720575940622523508,720575940619918203,55547,40992,99,-1,-99
720575940622523508,720575940606696369,55547,3692,8,-1,-8
720575940622523508,720575940635089945,55547,116843,3,-1,-3
720575940622523508,720575940624931888,55547,68913,2,-1,-2
720575940622523508,720575940628069501,55547,86059,228,-1,-228
720575940622523508,720575940619148829,55547,38032,15,-1,-15
720575940622523508,720575940618444473,55547,35141,6,-1,-6
720575940622523508,720575940613783277,55547,18478,62,-1,-62
720575940622726271,720575940632403986,56643,108296,12,1,12
720575940622726271,720575940637098352,56643,121757,2,1,2
720575940622726271,720575940640031360,56643,128444,14,1,14
720575940622726271,720575940614956072,56643,22143,83,1,83
720575940622726271,720575940633626337,56643,113066,3,1,3
720575940622726271,720575940614137809,56643,19409,27,1,27
720575940622726271,720575940630407388,56643,98466,44,1,44
720575940622726271,720575940640803200,56643,130032,39,1,39
720575940622726271,720575940605758142,56643,2179,43,1,43
720575940622726271,720575940619071005,56643,37714,2,1,2
720575940622726271,720575940631842360,56643,105779,18,1,18
720575940622726271,720575940634545890,56643,115447,33,1,33
720575940622726271,720575940613583001,56643,17837,43,1,43
720575940622726271,720575940621529435,56643,49729,1,1,1
720575940622726271,720575940609282825,56643,7178,15,1,15
720575940622726271,720575940633294796,56643,111976,27,1,27
720575940622726271,720575940623636701,56643,61846,4,1,4
720575940622726271,720575940623636957,56643,61850,69,1,69
720575940623000858,720575940632403986,58146,108296,23,-1,-23
720575940623000858,720575940624057853,58146,64139,19,-1,-19
720575940623000858,720575940618757666,58146,36451,537,-1,-537
720575940623000858,720575940623788040,58146,62586,722,-1,-722
720575940623000858,720575940616169578,58146,26371,314,-1,-314
720575940623000858,720575940648650884,58146,136417,58,-1,-58
720575940623000858,720575940635945919,58146,119222,66,-1,-66
720575940623000858,720575940618308825,58146,34586,59,-1,-59
720575940623000858,720575940613590501,58146,17854,534,-1,-534
720575940623000858,720575940628467611,58146,88453,31,-1,-31
720575940623000858,720575940624879911,58146,68599,18,-1,-18
720575940623000858,720575940611379569,58146,11164,361,-1,-361
720575940623000858,720575940630770042,58146,100454,35,-1,-35
720575940623000858,720575940623528925,58146,61301,26,-1,-26
720575940623000858,720575940623636701,58146,61846,41,-1,-41
720575940623000858,720575940638128474,58146,124101,708,-1,-708
720575940623000858,720575940632795532,58146,110077,31,-1,-31
720575940623000858,720575940611079236,58146,10480,11,-1,-11
720575940623000858,720575940637056887,58146,121664,13,-1,-13
720575940623113752,720575940618987600,58832,37365,16,1,16
720575940623113752,720575940635119723,58832,116937,7,1,7
720575940623113752,720575940613455986,58832,17428,1,1,1
720575940623113752,720575940625049781,58832,69626,17,1,17
720575940623113752,720575940627796298,58832,84472,20,1,20
720575940623113752,720575940626309562,58832,75832,2,1,2
720575940623113752,720575940607635913,58832,4898,1,1,1
720575940623113752,720575940645693988,58832,134541,2,1,2
720575940623113752,720575940632080977,58832,106885,1,1,1
720575940623113752,720575940616733323,58832,28259,28,1,28
720575940623113752,720575940640834211,58832,130068,19,1,19
720575940623113752,720575940621640363,58832,50424,12,1,12
720575940623113752,720575940625357547,58832,71057,10,1,10
720575940623113752,720575940626783065,58832,78311,10,1,10
720575940623113752,720575940609137500,58832,6936,4,1,4
720575940623113752,720575940612264817,58832,13536,21,1,21
720575940623113752,720575940626246525,58832,75529,2,1,2
720575940623113752,720575940633787309,58832,113568,2,1,2
720575940623113752,720575940605899692,58832,2455,5,1,5
720575940623113752,720575940625525740,58832,71912,1,1,1
720575940623113752,720575940629609457,58832,94443,1,1,1
720575940623113752,720575940635089945,58832,116843,5,1,5
720575940623113752,720575940624931888,58832,68913,1,1,1
720575940623113752,720575940618165393,58832,33912,3,1,3
720575940623113752,720575940626977947,58832,79515,4,1,4
720575940623113752,720575940623957173,58832,63536,8,1,8
720575940623113752,720575940623781127,58832,62546,3,1,3
720575940623113752,720575940637611365,58832,122896,1,1,1
720575940623113752,720575940618321364,58832,34640,6,1,6
720575940623113752,720575940644632087,58832,133341,1,1,1
720575940623113752,720575940610584184,58832,9455,15,1,15
720575940623113752,720575940627996285,58832,85630,3,1,3
720575940623113752,720575940618444473,58832,35141,9,1,9
720575940623113752,720575940613783277,58832,18478,1,1,1
720575940623113752,720575940622186305,58832,53582,1,1,1
720575940623113752,720575940620023686,58832,41504,5,1,5
720575940623113752,720575940644702112,58832,133436,1,1,1
720575940623113752,720575940639172585,58832,126538,3,1,3
720575940623133097,720575940629513222,58953,93981,4,-1,-4
720575940623133097,720575940626039996,58953,74562,3,-1,-3
720575940623133097,720575940636543668,58953,120535,3,-1,-3
720575940623133097,720575940606692542,58953,3686,97,-1,-97
720575940623133097,720575940626403917,58953,76326,94,-1,-94
720575940623133097,720575940631180599,58953,102668,1,-1,-1
720575940623133097,720575940635089945,58953,116843,4,-1,-4
720575940623133097,720575940621393172,58953,48970,6,-1,-6
720575940623387786,720575940628695043,60448,89673,292,1,292
720575940623387786,720575940631517251,60448,104365,2,1,2
720575940623387786,720575940637902938,60448,123598,1,1,1
720575940623387786,720575940631103744,60448,102264,38,1,38
720575940623387786,720575940621457690,60448,49360,19,1,19
720575940623387786,720575940637098352,60448,121757,8,1,8
720575940623387786,720575940628455942,60448,88385,130,1,130
720575940623387786,720575940621040737,60448,46961,1,1,1
720575940623387786,720575940624694503,60448,67617,2,1,2
720575940623387786,720575940636489140,60448,120390,20,1,20
720575940623387786,720575940625741287,60448,72956,1,1,1
720575940623387786,720575940633556644,60448,112815,1,1,1
720575940623387786,720575940619134789,60448,37974,8,1,8
720575940623387786,720575940634707863,60448,115866,2,1,2
720575940623413116,720575940604569824,60591,750,19,-1,-19
720575940623413116,720575940613065130,60591,16213,5,-1,-5
720575940623413116,720575940618932763,60591,37128,1,-1,-1
720575940623413116,720575940647436835,60591,135864,37,-1,-37
720575940623413116,720575940606149321,60591,2860,3,-1,-3
720575940623413116,720575940630006521,60591,96463,1,-1,-1
720575940623413116,720575940621689727,60591,50739,105,-1,-105
720575940623413116,720575940614710509,60591,21291,1,-1,-1
720575940623413116,720575940609258850,60591,7131,1,-1,-1
720575940623413116,720575940624377224,60591,66072,7,-1,-7
720575940623413116,720575940625102224,60591,69919,3,-1,-3
720575940623413116,720575940635684762,60591,118536,1,-1,-1
720575940623432918,720575940614374034,60699,20169,5,-1,-5
720575940623432918,720575940621689727,60699,50739,9,-1,-9
720575940623432918,720575940604470240,60699,676,1,-1,-1
720575940623432918,720575940617257985,60699,30179,1,-1,-1
720575940623432918,720575940629513478,60699,93983,1,-1,-1
720575940623432918,720575940624402173,60699,66211,2,-1,-2
720575940623432918,720575940618807454,60699,36647,1,-1,-1
720575940623432918,720575940623387786,60699,60448,3,-1,-3
720575940623432918,720575940623781127,60699,62546,3,-1,-3
720575940623432918,720575940604088288,60699,472,5,-1,-5
720575940623432918,720575940613583001,60699,17837,1,-1,-1
720575940623432918,720575940622160705,60699,53457,8,-1,-8
720575940623432918,720575940612264817,60699,13536,2,-1,-2
720575940623432918,720575940637611365,60699,122896,1,-1,-1
720575940623432918,720575940625102224,60699,69919,1,-1,-1
720575940623432918,720575940636489140,60699,120390,1,-1,-1
720575940623432918,720575940615255603,60699,23215,5,-1,-5
720575940623432918,720575940628895750,60699,90809,1,-1,-1
720575940623432918,720575940621457690,60699,49360,1,-1,-1
720575940623432918,720575940610505006,60699,9313,1,-1,-1
720575940623432918,720575940623636957,60699,61850,13,-1,-13
720575940623432918,720575940633893401,60699,113894,23,-1,-23
720575940623432918,720575940629437054,60699,93547,61,-1,-61
720575940623432918,720575940625357547,60699,71057,3,-1,-3
720575940623432918,720575940626783065,60699,78311,10,-1,-10
720575940623432918,720575940623113752,60699,58832,1,-1,-1
720575940623444044,720575940631945815,60791,106213,2,-1,-2
720575940623444044,720575940626039996,60791,74562,32,-1,-32
720575940623444044,720575940613686698,60791,18198,1231,-1,-1231
720575940623444044,720575940639172585,60791,126538,5,-1,-5
720575940623444044,720575940633176204,60791,111486,5,-1,-5
720575940623444044,720575940625550823,60791,72015,19,-1,-19
720575940623444044,720575940626403917,60791,76326,7,-1,-7
720575940623444044,720575940631180599,60791,102668,3,-1,-3
720575940623444044,720575940608235186,60791,5712,24,-1,-24
720575940623444044,720575940628346634,60791,87693,10,-1,-10
720575940623444044,720575940616534338,60791,27609,39,-1,-39
720575940623444044,720575940631190016,60791,102727,12,-1,-12
720575940623444044,720575940635089945,60791,116843,2,-1,-2
720575940623444044,720575940621393172,60791,48970,19,-1,-19
720575940623475324,720575940628406538,60985,88104,1,-1,-1
720575940623475324,720575940627497244,60985,82815,2316,-1,-2316
720575940623475324,720575940621148948,60985,47604,1,-1,-1
720575940623475324,720575940640736371,60985,129880,1520,-1,-1520
720575940623475324,720575940650935673,60985,136978,162,-1,-162
720575940623475324,720575940640851363,60985,130107,2,-1,-2
720575940623475324,720575940645693988,60985,134541,3,-1,-3
720575940623475324,720575940630006521,60985,96463,12,-1,-12
720575940623475324,720575940628082053,60985,86153,4,-1,-4
720575940623475324,720575940631023159,60985,101848,1,-1,-1
720575940623475324,720575940629614953,60985,94470,8,-1,-8
720575940623475324,720575940619055617,60985,37633,7,-1,-7
720575940623475324,720575940621522624,60985,49701,4,-1,-4
720575940623475324,720575940621195290,60985,47847,13,-1,-13
720575940623475324,720575940626872932,60985,78877,1,-1,-1
720575940623475324,720575940627250238,60985,81300,10,-1,-10
720575940623475324,720575940615028143,60985,22366,2,-1,-2
720575940623475324,720575940632821352,60985,110191,8,-1,-8
720575940623475324,720575940612718563,60985,15002,1,-1,-1
720575940623499132,720575940622516852,61120,55498,4,-1,-4
720575940623499132,720575940628038808,61120,85900,275,-1,-275
720575940623499132,720575940606756030,61120,3807,20,-1,-20
720575940623499132,720575940614710509,61120,21291,2,-1,-2
720575940623499132,720575940627277242,61120,81468,3,-1,-3
720575940623499132,720575940636543668,61120,120535,5,-1,-5
720575940623499132,720575940618554041,61120,35604,9,-1,-9
720575940623499132,720575940640263989,61120,128969,1,-1,-1
720575940623499132,720575940612976497,61120,15923,6,-1,-6
720575940623499132,720575940623888397,61120,63126,1,-1,-1
720575940623499132,720575940621619627,61120,50303,2,-1,-2
720575940623499132,720575940621801819,61120,51422,3,-1,-3
720575940623499132,720575940626872932,61120,78877,3,-1,-3
720575940623499132,720575940611563310,61120,11645,13,-1,-13
720575940623528925,720575940623788040,61301,62586,46,1,46
720575940623528925,720575940632403986,61301,108296,1,1,1
720575940623528925,720575940635119723,61301,116937,1,1,1
720575940623528925,720575940623636701,61301,61846,4,1,4
720575940623528925,720575940638128474,61301,124101,36,1,36
720575940623528925,720575940611379569,61301,11164,1,1,1
720575940623528925,720575940630770042,61301,100454,4,1,4
720575940623528925,720575940632795532,61301,110077,16,1,16
720575940623528925,720575940635945919,61301,119222,8,1,8
720575940623528925,720575940618308825,61301,34586,1,1,1
720575940623528925,720575940623000858,61301,58146,24,1,24
720575940623528925,720575940636489140,61301,120390,17,1,17
720575940623528925,720575940613590501,61301,17854,84,1,84
720575940623528925,720575940618757666,61301,36451,258,1,258
720575940623528925,720575940624547622,61301,66912,35,1,35
720575940623528925,720575940634707863,61301,115866,7,1,7
720575940623528925,720575940614137809,61301,19409,17,1,17
720575940623636701,720575940632403986,61846,108296,62,1,62
720575940623636701,720575940614956072,61846,22143,6,1,6
720575940623636701,720575940623000858,61846,58146,106,1,106
720575940623636701,720575940615366055,61846,23582,15,1,15
720575940623636701,720575940624057853,61846,64139,6,1,6
720575940623636701,720575940618757666,61846,36451,32,1,32
720575940623636701,720575940623788040,61846,62586,18,1,18
720575940623636701,720575940616169578,61846,26371,289,1,289
720575940623636701,720575940648650884,61846,136417,22,1,22
720575940623636701,720575940630407388,61846,98466,229,1,229
720575940623636701,720575940609460491,61846,7499,6,1,6
720575940623636701,720575940640803200,61846,130032,16,1,16
720575940623636701,720575940605758142,61846,2179,22,1,22
720575940623636701,720575940635945919,61846,119222,9,1,9
720575940623636701,720575940603464672,61846,202,13,1,13
720575940623636701,720575940618308825,61846,34586,29,1,29
720575940623636701,720575940613590501,61846,17854,32,1,32
720575940623636701,720575940619071005,61846,37714,24,1,24
720575940623636701,720575940634545890,61846,115447,91,1,91
720575940623636701,720575940628467611,61846,88453,37,1,37
720575940623636701,720575940624879911,61846,68599,1,1,1
720575940623636701,720575940621529435,61846,49729,10,1,10
720575940623636701,720575940611379569,61846,11164,285,1,285
720575940623636701,720575940630770042,61846,100454,33,1,33
720575940623636701,720575940637594334,61846,122856,15,1,15
720575940623636701,720575940609282825,61846,7178,100,1,100
720575940623636701,720575940623528925,61846,61301,17,1,17
720575940623636701,720575940622726271,61846,56643,39,1,39
720575940623636701,720575940633294796,61846,111976,154,1,154
720575940623636701,720575940638128474,61846,124101,32,1,32
720575940623636701,720575940632795532,61846,110077,109,1,109
720575940623636701,720575940611079236,61846,10480,15,1,15
720575940623636701,720575940637056887,61846,121664,15,1,15
720575940623636701,720575940635983770,61846,119328,20,1,20
720575940623636957,720575940637098352,61850,121757,2,-1,-2
720575940623636957,720575940624712206,61850,67725,1,-1,-1
720575940623636957,720575940640031360,61850,128444,11,-1,-11
720575940623636957,720575940615366055,61850,23582,2,-1,-2
720575940623636957,720575940633626337,61850,113066,3,-1,-3
720575940623636957,720575940619134789,61850,37974,16,-1,-16
720575940623636957,720575940614137809,61850,19409,1,-1,-1
720575940623636957,720575940609460491,61850,7499,1,-1,-1
720575940623636957,720575940603464672,61850,202,4,-1,-4
720575940623636957,720575940619071005,61850,37714,18,-1,-18
720575940623636957,720575940613583001,61850,17837,1,-1,-1
720575940623636957,720575940622726271,61850,56643,30,-1,-30
720575940623636957,720575940621457690,61850,49360,5,-1,-5
720575940623636957,720575940635983770,61850,119328,4,-1,-4
720575940623781127,720575940635119723,62546,116937,5,1,5
720575940623781127,720575940610505006,62546,9313,1,1,1
720575940623781127,720575940627796298,62546,84472,3,1,3
720575940623781127,720575940635202204,62546,117221,8,1,8
720575940623781127,720575940640834211,62546,130068,8,1,8
720575940623781127,720575940621640363,62546,50424,5,1,5
720575940623781127,720575940626783065,62546,78311,8,1,8
720575940623781127,720575940626246525,62546,75529,1,1,1
720575940623781127,720575940618165393,62546,33912,3,1,3
720575940623781127,720575940634854554,62546,116223,1,1,1
720575940623781127,720575940623957173,62546,63536,2,1,2
720575940623781127,720575940644632087,62546,133341,1,1,1
720575940623781127,720575940610584184,62546,9455,1,1,1
720575940623781127,720575940622186305,62546,53582,5,1,5
720575940623788040,720575940632403986,62586,108296,23,1,23
720575940623788040,720575940623000858,62586,58146,173,1,173
720575940623788040,720575940624057853,62586,64139,37,1,37
720575940623788040,720575940618757666,62586,36451,115,1,115
720575940623788040,720575940616169578,62586,26371,36,1,36
720575940623788040,720575940648650884,62586,136417,50,1,50
720575940623788040,720575940635945919,62586,119222,34,1,34
720575940623788040,720575940618308825,62586,34586,90,1,90
720575940623788040,720575940613590501,62586,17854,119,1,119
720575940623788040,720575940628467611,62586,88453,34,1,34
720575940623788040,720575940624879911,62586,68599,6,1,6
720575940623788040,720575940611379569,62586,11164,60,1,60
720575940623788040,720575940630770042,62586,100454,30,1,30
720575940623788040,720575940623528925,62586,61301,22,1,22
720575940623788040,720575940623636701,62586,61846,30,1,30
720575940623788040,720575940638128474,62586,124101,12,1,12
720575940623788040,720575940632795532,62586,110077,144,1,144
720575940623788040,720575940611079236,62586,10480,12,1,12
720575940623788040,720575940637056887,62586,121664,10,1,10
720575940623888397,720575940622516852,63126,55498,11,-1,-11
720575940623888397,720575940628038808,63126,85900,280,-1,-280
720575940623888397,720575940606756030,63126,3807,26,-1,-26
720575940623888397,720575940627277242,63126,81468,3,-1,-3
720575940623888397,720575940636543668,63126,120535,8,-1,-8
720575940623888397,720575940618554041,63126,35604,7,-1,-7
720575940623888397,720575940628762280,63126,90031,1,-1,-1
720575940623888397,720575940612976497,63126,15923,2,-1,-2
720575940623888397,720575940622331830,63126,54462,1,-1,-1
720575940623888397,720575940621619627,63126,50303,5,-1,-5
720575940623888397,720575940634612194,63126,115594,1,-1,-1
720575940623888397,720575940626403917,63126,76326,4,-1,-4
720575940623888397,720575940621801819,63126,51422,3,-1,-3
720575940623888397,720575940639209956,63126,126635,10,-1,-10
720575940623888397,720575940626872932,63126,78877,4,-1,-4
720575940623888397,720575940611563310,63126,11645,20,-1,-20
720575940623888397,720575940623499132,63126,61120,1,-1,-1
720575940623957173,720575940618987600,63536,37365,3,-1,-3
720575940623957173,720575940635119723,63536,116937,14,-1,-14
720575940623957173,720575940625049781,63536,69626,10,-1,-10
720575940623957173,720575940627796298,63536,84472,3,-1,-3
720575940623957173,720575940626309562,63536,75832,1,-1,-1
720575940623957173,720575940631945815,63536,106213,6,-1,-6
720575940623957173,720575940616733323,63536,28259,6,-1,-6
720575940623957173,720575940640834211,63536,130068,4,-1,-4
720575940623957173,720575940621640363,63536,50424,1,-1,-1
720575940623957173,720575940626783065,63536,78311,3,-1,-3
720575940623957173,720575940633787309,63536,113568,5,-1,-5
720575940623957173,720575940625525740,63536,71912,1,-1,-1
720575940623957173,720575940635089945,63536,116843,3,-1,-3
720575940623957173,720575940623781127,63536,62546,29,-1,-29
720575940623957173,720575940632311115,63536,107839,1,-1,-1
720575940623957173,720575940623113752,63536,58832,5,-1,-5
720575940623957173,720575940644632087,63536,133341,7,-1,-7
720575940623957173,720575940610584184,63536,9455,1,-1,-1
720575940623957173,720575940627996285,63536,85630,2,-1,-2
720575940623957173,720575940618444473,63536,35141,6,-1,-6
720575940623957173,720575940618366843,63536,34813,1,-1,-1
720575940624057853,720575940623788040,64139,62586,14,1,14
720575940624057853,720575940632403986,64139,108296,1,1,1
720575940624057853,720575940616169578,64139,26371,7,1,7
720575940624057853,720575940623636701,64139,61846,1,1,1
720575940624057853,720575940638128474,64139,124101,41,1,41
720575940624057853,720575940611379569,64139,11164,33,1,33
720575940624057853,720575940632795532,64139,110077,6,1,6
720575940624057853,720575940635945919,64139,119222,41,1,41
720575940624057853,720575940618308825,64139,34586,1,1,1
720575940624057853,720575940623000858,64139,58146,13,1,13
720575940624057853,720575940636489140,64139,120390,10,1,10
720575940624057853,720575940613590501,64139,17854,64,1,64
720575940624057853,720575940618757666,64139,36451,64,1,64
720575940624057853,720575940624547622,64139,66912,27,1,27
720575940624057853,720575940634707863,64139,115866,2,1,2
720575940624057853,720575940614137809,64139,19409,1,1,1
720575940624225741,720575940613455986,65148,17428,1,-1,-1
720575940624225741,720575940626309562,65148,75832,8,-1,-8
720575940624225741,720575940633305681,65148,112021,34,-1,-34
720575940624225741,720575940644702112,65148,133436,1,-1,-1
720575940624225741,720575940633176204,65148,111486,4,-1,-4
720575940624225741,720575940625952755,65148,74067,27,-1,-27
720575940624225741,720575940607635913,65148,4898,17,-1,-17
720575940624225741,720575940605899692,65148,2455,1,-1,-1
720575940624225741,720575940643255693,65148,132192,8,-1,-8
720575940624225741,720575940624258857,65148,65344,10,-1,-10
720575940624225741,720575940619918203,65148,40992,53,-1,-53
720575940624225741,720575940606696369,65148,3692,41,-1,-41
720575940624225741,720575940622523508,65148,55547,15,-1,-15
720575940624225741,720575940628069501,65148,86059,17,-1,-17
720575940624225741,720575940613783277,65148,18478,302,-1,-302
720575940624258857,720575940626309562,65344,75832,1,-1,-1
720575940624258857,720575940633305681,65344,112021,7,-1,-7
720575940624258857,720575940644702112,65344,133436,1,-1,-1
720575940624258857,720575940633176204,65344,111486,4,-1,-4
720575940624258857,720575940625952755,65344,74067,15,-1,-15
720575940624258857,720575940621103239,65344,47334,26,-1,-26
720575940624258857,720575940636611576,65344,120706,2,-1,-2
720575940624258857,720575940631180599,65344,102668,1,-1,-1
720575940624258857,720575940643255693,65344,132192,2,-1,-2
720575940624258857,720575940624225741,65344,65148,68,-1,-68
720575940624258857,720575940609137500,65344,6936,1,-1,-1
720575940624258857,720575940619918203,65344,40992,4,-1,-4
720575940624258857,720575940606696369,65344,3692,7,-1,-7
720575940624258857,720575940622523508,65344,55547,12,-1,-12
720575940624258857,720575940628069501,65344,86059,9,-1,-9
720575940624258857,720575940613783277,65344,18478,14,-1,-14
720575940624377224,720575940647436835,66072,135864,3,-1,-3
720575940624377224,720575940606149321,66072,2860,5,-1,-5
720575940624377224,720575940621689727,66072,50739,15,-1,-15
720575940624377224,720575940617257985,66072,30179,3,-1,-3
720575940624377224,720575940614710509,66072,21291,4,-1,-4
720575940624377224,720575940621371045,66072,48838,2,-1,-2
720575940624377224,720575940604569824,66072,750,17,-1,-17
720575940624377224,720575940630006521,66072,96463,1,-1,-1
720575940624377224,720575940616736198,66072,28268,22,-1,-22
720575940624377224,720575940631842360,66072,105779,80,-1,-80
720575940624377224,720575940623413116,66072,60591,15,-1,-15
720575940624377224,720575940635684762,66072,118536,1,-1,-1
720575940624377224,720575940608545219,66072,6128,1,-1,-1
720575940624377224,720575940618932763,66072,37128,1,-1,-1
720575940624377224,720575940626977947,66072,79515,3,-1,-3
720575940624377224,720575940609258850,66072,7131,112,-1,-112
720575940624377224,720575940625102224,66072,69919,6,-1,-6
720575940624377224,720575940610505006,66072,9313,41,-1,-41
720575940624377224,720575940615723314,66072,24792,29,-1,-29
720575940624377224,720575940629437054,66072,93547,2,-1,-2
720575940624377224,720575940637547365,66072,122752,1,-1,-1
720575940624377224,720575940629609457,66072,94443,5,-1,-5
720575940624377224,720575940628200551,66072,86814,202,-1,-202
720575940624377224,720575940619615552,66072,39669,2,-1,-2
720575940624402173,720575940637098352,66211,121757,1,1,1
720575940624402173,720575940604470240,66211,676,38,1,38
720575940624402173,720575940644702112,66211,133436,3,1,3
720575940624402173,720575940631103744,66211,102264,1,1,1
720575940624402173,720575940623781127,66211,62546,1,1,1
720575940624402173,720575940622160705,66211,53457,274,1,274
720575940624402173,720575940628346634,66211,87693,9,1,9
720575940624402173,720575940622186305,66211,53582,1,1,1
720575940624402173,720575940628895750,66211,90809,1,1,1
720575940624402173,720575940621457690,66211,49360,2,1,2
720575940624402173,720575940616534338,66211,27609,13,1,13
720575940624402173,720575940631190016,66211,102727,1,1,1
720575940624402173,720575940626872932,66211,78877,7,1,7
720575940624402173,720575940621040737,66211,46961,22,1,22
720575940624402173,720575940618165393,66211,33912,7,1,7
720575940624402173,720575940623432918,66211,60699,261,1,261
720575940624402173,720575940632469290,66211,108631,1,1,1
720575940624402173,720575940612718563,66211,15002,2,1,2
720575940624547622,720575940627497244,66912,82815,2,-1,-2
720575940624547622,720575940617749538,66912,32109,3,-1,-3
720575940624547622,720575940630496374,66912,98925,585,-1,-585
720575940624547622,720575940624057853,66912,64139,28,-1,-28
720575940624547622,720575940634707863,66912,115866,3,-1,-3
720575940624547622,720575940614137809,66912,19409,3,-1,-3
720575940624547622,720575940637902938,66912,123598,18,-1,-18
720575940624547622,720575940648650884,66912,136417,54,-1,-54
720575940624547622,720575940631103744,66912,102264,1,-1,-1
720575940624547622,720575940618308825,66912,34586,53,-1,-53
720575940624547622,720575940628467611,66912,88453,27,-1,-27
720575940624547622,720575940630770042,66912,100454,139,-1,-139
720575940624547622,720575940638028607,66912,123856,266,-1,-266
720575940624547622,720575940623528925,66912,61301,29,-1,-29
720575940624547622,720575940636489140,66912,120390,2,-1,-2
720575940624547622,720575940611079236,66912,10480,37,-1,-37
720575940624547622,720575940621040737,66912,46961,49,-1,-49
720575940624547622,720575940624694503,66912,67617,5,-1,-5
720575940624547622,720575940620975696,66912,46609,1276,-1,-1276
720575940624547622,720575940637056887,66912,121664,36,-1,-36
720575940624694503,720575940613583001,67617,17837,19,-1,-19
720575940624694503,720575940621164720,67617,47684,1,-1,-1
720575940624694503,720575940620464321,67617,43601,32,-1,-32
720575940624694503,720575940637098352,67617,121757,1,-1,-1
720575940624694503,720575940628455942,67617,88385,43,-1,-43
720575940624694503,720575940623387786,67617,60448,92,-1,-92
720575940624694503,720575940625934094,67617,73972,24,-1,-24
720575940624694503,720575940619134789,67617,37974,202,-1,-202
720575940624712206,720575940628895750,67725,90809,3,-1,-3
720575940624712206,720575940637098352,67725,121757,3,-1,-3
720575940624712206,720575940633893401,67725,113894,1,-1,-1
720575940624712206,720575940614374034,67725,20169,1,-1,-1
720575940624879911,720575940628895750,68599,90809,1,1,1
720575940624879911,720575940616169578,68599,26371,4,1,4
720575940624879911,720575940613583001,68599,17837,14,1,14
720575940624879911,720575940623636701,68599,61846,1,1,1
720575940624879911,720575940630407388,68599,98466,9,1,9
720575940624879911,720575940621529435,68599,49729,1,1,1
720575940624879911,720575940638128474,68599,124101,5,1,5
720575940624879911,720575940637098352,68599,121757,2,1,2
720575940624879911,720575940611379569,68599,11164,20,1,20
720575940624879911,720575940640803200,68599,130032,50,1,50
720575940624879911,720575940632795532,68599,110077,8,1,8
720575940624879911,720575940629461442,68599,93663,1,1,1
720575940624879911,720575940640031360,68599,128444,1,1,1
720575940624879911,720575940614374034,68599,20169,2,1,2
720575940624879911,720575940605758142,68599,2179,29,1,29
720575940624879911,720575940609282825,68599,7178,35,1,35
720575940624879911,720575940623000858,68599,58146,12,1,12
720575940624879911,720575940613590501,68599,17854,11,1,11
720575940624879911,720575940618757666,68599,36451,2,1,2
720575940624879911,720575940631842360,68599,105779,2,1,2
720575940624879911,720575940634545890,68599,115447,35,1,35
720575940624879911,720575940623788040,68599,62586,5,1,5
720575940624879911,720575940633294796,68599,111976,63,1,63
720575940624879911,720575940614137809,68599,19409,8,1,8
720575940624931888,720575940613455986,68913,17428,10,1,10
720575940624931888,720575940625049781,68913,69626,3,1,3
720575940624931888,720575940627796298,68913,84472,1,1,1
720575940624931888,720575940626309562,68913,75832,2,1,2
720575940624931888,720575940607635913,68913,4898,1,1,1
720575940624931888,720575940616733323,68913,28259,2,1,2
720575940624931888,720575940640834211,68913,130068,103,1,103
720575940624931888,720575940621640363,68913,50424,1,1,1
720575940624931888,720575940636543668,68913,120535,1,1,1
720575940624931888,720575940625357547,68913,71057,1,1,1
720575940624931888,720575940626783065,68913,78311,1,1,1
720575940624931888,720575940612264817,68913,13536,1,1,1
720575940624931888,720575940619918203,68913,40992,34,1,34
720575940624931888,720575940626246525,68913,75529,1,1,1
720575940624931888,720575940605899692,68913,2455,9,1,9
720575940624931888,720575940606696369,68913,3692,1,1,1
720575940624931888,720575940629609457,68913,94443,3,1,3
720575940624931888,720575940622523508,68913,55547,1,1,1
720575940624931888,720575940628069501,68913,86059,1,1,1
720575940624931888,720575940637611365,68913,122896,1,1,1
720575940624931888,720575940618321364,68913,34640,1066,1,1066
720575940624931888,720575940623113752,68913,58832,4,1,4
720575940624931888,720575940619148829,68913,38032,115,1,115
720575940624931888,720575940610584184,68913,9455,4,1,4
720575940624931888,720575940618444473,68913,35141,2,1,2
720575940624931888,720575940613783277,68913,18478,10,1,10
720575940624931888,720575940620023686,68913,41504,268,1,268
720575940624931888,720575940639172585,68913,126538,1,1,1
720575940624973831,720575940618987600,69145,37365,1,1,1
720575940624973831,720575940622364854,69145,54686,4,1,4
720575940624973831,720575940628592968,69145,89117,2,1,2
720575940624973831,720575940650416505,69145,136795,4,1,4
720575940624973831,720575940613065130,69145,16213,137,1,137
720575940624973831,720575940617691734,69145,31898,2,1,2
720575940624973831,720575940630006521,69145,96463,1,1,1
720575940624973831,720575940637547365,69145,122752,11,1,11
720575940624973831,720575940629609457,69145,94443,3,1,3
720575940624973831,720575940628200551,69145,86814,1,1,1
720575940624973831,720575940626977947,69145,79515,9,1,9
720575940624973831,720575940629513478,69145,93983,92,1,92
720575940624973831,720575940625102224,69145,69919,3,1,3
720575940624973831,720575940616736198,69145,28268,1,1,1
720575940624973831,720575940627604977,69145,83388,338,1,338
720575940624973831,720575940621371045,69145,48838,5,1,5
720575940624973831,720575940635684762,69145,118536,156,1,156
720575940625000200,720575940629513222,69303,93981,63,-1,-63
720575940625000200,720575940628038808,69303,85900,5,-1,-5
720575940625000200,720575940615743650,69303,24869,15,-1,-15
720575940625000200,720575940630810306,69303,100681,29,-1,-29
720575940625000200,720575940636611576,69303,120706,1,-1,-1
720575940625000200,720575940631999685,69303,106501,38,-1,-38
720575940625000200,720575940631147776,69303,102498,8,-1,-8
720575940625000200,720575940627502338,69303,82843,6,-1,-6
720575940625000200,720575940631180599,69303,102668,1,-1,-1
720575940625000200,720575940631190016,69303,102727,4,-1,-4
720575940625000200,720575940619991862,69303,41335,803,-1,-803
720575940625049781,720575940640834211,69626,130068,8,-1,-8
720575940625049781,720575940628908548,69626,90883,23,-1,-23
720575940625049781,720575940636543668,69626,120535,2,-1,-2
720575940625049781,720575940626977947,69626,79515,1,-1,-1
720575940625049781,720575940606696369,69626,3692,3,-1,-3
720575940625049781,720575940622523508,69626,55547,263,-1,-263
720575940625049781,720575940623113752,69626,58832,1,-1,-1
720575940625049781,720575940619148829,69626,38032,4,-1,-4
720575940625049781,720575940627996285,69626,85630,1,-1,-1
720575940625049781,720575940618987600,69626,37365,5,-1,-5
720575940625049781,720575940631180599,69626,102668,1,-1,-1
720575940625049781,720575940613455986,69626,17428,4,-1,-4
720575940625049781,720575940616733323,69626,28259,11,-1,-11
720575940625049781,720575940629513222,69626,93981,3,-1,-3
720575940625049781,720575940634854554,69626,116223,1,-1,-1
720575940625049781,720575940637611365,69626,122896,1,-1,-1
720575940625049781,720575940625357547,69626,71057,5,-1,-5
720575940625049781,720575940635089945,69626,116843,5,-1,-5
720575940625049781,720575940618444473,69626,35141,10,-1,-10
720575940625049781,720575940626246525,69626,75529,7,-1,-7
720575940625049781,720575940625952755,69626,74067,5,-1,-5
720575940625049781,720575940607635913,69626,4898,19,-1,-19
720575940625049781,720575940605899692,69626,2455,19,-1,-19
720575940625049781,720575940620023686,69626,41504,3,-1,-3
720575940625049781,720575940618321364,69626,34640,2,-1,-2
720575940625102224,720575940624973831,69919,69145,4,-1,-4
720575940625102224,720575940626309562,69919,75832,2,-1,-2
720575940625102224,720575940628865644,69919,90648,1,-1,-1
720575940625102224,720575940606149321,69919,2860,11,-1,-11
720575940625102224,720575940621689727,69919,50739,25,-1,-25
720575940625102224,720575940617257985,69919,30179,10,-1,-10
720575940625102224,720575940629513478,69919,93983,9,-1,-9
720575940625102224,720575940624377224,69919,66072,13,-1,-13
720575940625102224,720575940627604977,69919,83388,3,-1,-3
720575940625102224,720575940621371045,69919,48838,75,-1,-75
720575940625102224,720575940618987600,69919,37365,1,-1,-1
720575940625102224,720575940618807454,69919,36647,1,-1,-1
720575940625102224,720575940604569824,69919,750,4,-1,-4
720575940625102224,720575940613065130,69919,16213,3,-1,-3
720575940625102224,720575940630006521,69919,96463,12,-1,-12
720575940625102224,720575940626246525,69919,75529,1,-1,-1
720575940625102224,720575940616736198,69919,28268,9,-1,-9
720575940625102224,720575940614614495,69919,20921,4,-1,-4
720575940625102224,720575940631842360,69919,105779,7,-1,-7
720575940625102224,720575940623413116,69919,60591,3,-1,-3
720575940625102224,720575940635684762,69919,118536,6,-1,-6
720575940625102224,720575940604088288,69919,472,197,-1,-197
720575940625102224,720575940622364854,69919,54686,3,-1,-3
720575940625102224,720575940624879911,69919,68599,5,-1,-5
720575940625102224,720575940608545219,69919,6128,19,-1,-19
720575940625102224,720575940626977947,69919,79515,30,-1,-30
720575940625102224,720575940632311115,69919,107839,1,-1,-1
720575940625102224,720575940609258850,69919,7131,435,-1,-435
720575940625102224,720575940615255603,69919,23215,7,-1,-7
720575940625102224,720575940628895750,69919,90809,2,-1,-2
720575940625102224,720575940621195290,69919,47847,23,-1,-23
720575940625102224,720575940610505006,69919,9313,19,-1,-19
720575940625102224,720575940615723314,69919,24792,1,-1,-1
720575940625102224,720575940650416505,69919,136795,3,-1,-3
720575940625102224,720575940626848275,69919,78706,4,-1,-4
720575940625102224,720575940633893401,69919,113894,9,-1,-9
720575940625102224,720575940629437054,69919,93547,29,-1,-29
720575940625102224,720575940637547365,69919,122752,6,-1,-6
720575940625102224,720575940629609457,69919,94443,6,-1,-6
720575940625102224,720575940628200551,69919,86814,91,-1,-91
720575940625102224,720575940619615552,69919,39669,16,-1,-16
720575940625102224,720575940615028143,69919,22366,24,-1,-24
720575940625357547,720575940613455986,71057,17428,13,-1,-13
720575940625357547,720575940626309562,71057,75832,13,-1,-13
720575940625357547,720575940636543668,71057,120535,8,-1,-8
720575940625357547,720575940610584184,71057,9455,1,-1,-1
720575940625357547,720575940607635913,71057,4898,5,-1,-5
720575940625357547,720575940632080977,71057,106885,1,-1,-1
720575940625357547,720575940605899692,71057,2455,27,-1,-27
720575940625357547,720575940626977947,71057,79515,2,-1,-2
720575940625357547,720575940620023686,71057,41504,11,-1,-11
720575940625357547,720575940635089945,71057,116843,1,-1,-1
720575940625357547,720575940624931888,71057,68913,6,-1,-6
720575940625357547,720575940622523508,71057,55547,4,-1,-4
720575940625357547,720575940623113752,71057,58832,2,-1,-2
720575940625357547,720575940619148829,71057,38032,4,-1,-4
720575940625357547,720575940618444473,71057,35141,1,-1,-1
720575940625357547,720575940613783277,71057,18478,1,-1,-1
720575940625525740,720575940622516852,71912,55498,1,1,1
720575940625525740,720575940632777320,71912,109989,9,1,9
720575940625525740,720575940626783065,71912,78311,1,1,1
720575940625525740,720575940623113752,71912,58832,1,1,1
720575940625525740,720575940627996285,71912,85630,9,1,9
720575940625525740,720575940631180599,71912,102668,2,1,2
720575940625525740,720575940608181122,71912,5629,1,1,1
720575940625525740,720575940628038808,71912,85900,1,1,1
720575940625525740,720575940626044942,71912,74593,11,1,11
720575940625525740,720575940621393172,71912,48970,1,1,1
720575940625525740,720575940631945815,71912,106213,4,1,4
720575940625525740,720575940612976497,71912,15923,1,1,1
720575940625525740,720575940634638562,71912,115673,1,1,1
720575940625550823,720575940626039996,72015,74562,3,-1,-3
720575940625550823,720575940613686698,72015,18198,299,-1,-299
720575940625550823,720575940623444044,72015,60791,422,-1,-422
720575940625550823,720575940631180599,72015,102668,5,-1,-5
720575940625550823,720575940608235186,72015,5712,47,-1,-47
720575940625550823,720575940621393172,72015,48970,4,-1,-4
720575940625741287,720575940637098352,72956,121757,1,-1,-1
720575940625741287,720575940628455942,72956,88385,6,-1,-6
720575940625741287,720575940624402173,72956,66211,2,-1,-2
720575940625741287,720575940619134789,72956,37974,67,-1,-67
720575940625741287,720575940628695043,72956,89673,1,-1,-1
720575940625741287,720575940631103744,72956,102264,2,-1,-2
720575940625741287,720575940627253604,72956,81321,1,-1,-1
720575940625741287,720575940623387786,72956,60448,13,-1,-13
720575940625741287,720575940604088288,72956,472,2,-1,-2
720575940625741287,720575940620464321,72956,43601,101,-1,-101
720575940625741287,720575940635202204,72956,117221,3,-1,-3
720575940625741287,720575940636489140,72956,120390,4,-1,-4
720575940625741287,720575940621457690,72956,49360,7,-1,-7
720575940625741287,720575940620802836,72956,45589,17,-1,-17
720575940625741287,720575940623432918,72956,60699,1,-1,-1
720575940625741287,720575940630487035,72956,98881,4,-1,-4
720575940625934094,720575940621164720,73972,47684,300,1,300
720575940625934094,720575940617749538,73972,32109,57,1,57
720575940625934094,720575940633626337,73972,113066,1,1,1
720575940625934094,720575940613583001,73972,17837,679,1,679
720575940625934094,720575940620464321,73972,43601,18,1,18
720575940625934094,720575940621457690,73972,49360,1,1,1
720575940625934094,720575940621040737,73972,46961,19,1,19
720575940625934094,720575940624694503,73972,67617,23,1,23
720575940625952755,720575940644702112,74067,133436,10,-1,-10
720575940625952755,720575940636611576,74067,120706,8,-1,-8
720575940625952755,720575940624225741,74067,65148,919,-1,-919
720575940625952755,720575940624258857,74067,65344,27,-1,-27
720575940625952755,720575940606696369,74067,3692,57,-1,-57
720575940625952755,720575940622523508,74067,55547,37,-1,-37
720575940625952755,720575940619148829,74067,38032,2,-1,-2
720575940625952755,720575940633305681,74067,112021,38,-1,-38
720575940625952755,720575940639172585,74067,126538,2,-1,-2
720575940625952755,720575940633176204,74067,111486,19,-1,-19
720575940625952755,720575940631180599,74067,102668,4,-1,-4
720575940625952755,720575940625741287,74067,72956,1,-1,-1
720575940625952755,720575940632689199,74067,109569,1,-1,-1
720575940625952755,720575940628069501,74067,86059,29,-1,-29
720575940625952755,720575940613783277,74067,18478,230,-1,-230
720575940625952755,720575940613455986,74067,17428,5,-1,-5
720575940625952755,720575940629513222,74067,93981,1,-1,-1
720575940625952755,720575940625357547,74067,71057,2,-1,-2
720575940625952755,720575940609137500,74067,6936,1,-1,-1
720575940625952755,720575940619918203,74067,40992,6,-1,-6
720575940625952755,720575940635089945,74067,116843,3,-1,-3
720575940625952755,720575940626309562,74067,75832,4,-1,-4
720575940625952755,720575940621103239,74067,47334,930,-1,-930
720575940625952755,720575940607635913,74067,4898,23,-1,-23
720575940625952755,720575940605899692,74067,2455,10,-1,-10
720575940625952755,720575940643255693,74067,132192,15,-1,-15
720575940625952755,720575940624547622,74067,66912,1,-1,-1
720575940626039996,720575940631945815,74562,106213,3,-1,-3
720575940626039996,720575940613686698,74562,18198,6,-1,-6
720575940626039996,720575940627277242,74562,81468,1,-1,-1
720575940626039996,720575940639172585,74562,126538,2,-1,-2
720575940626039996,720575940623444044,74562,60791,12,-1,-12
720575940626039996,720575940623133097,74562,58953,2,-1,-2
720575940626039996,720575940636543668,74562,120535,1,-1,-1
720575940626039996,720575940606692542,74562,3686,3,-1,-3
720575940626039996,720575940625550823,74562,72015,2,-1,-2
720575940626039996,720575940626403917,74562,76326,5,-1,-5
720575940626039996,720575940631180599,74562,102668,2,-1,-2
720575940626039996,720575940608235186,74562,5712,1,-1,-1
720575940626039996,720575940628346634,74562,87693,1,-1,-1
720575940626039996,720575940631190016,74562,102727,182,-1,-182
720575940626039996,720575940635089945,74562,116843,1,-1,-1
720575940626039996,720575940621393172,74562,48970,3,-1,-3
720575940626044942,720575940632777320,74593,109989,11,1,11
720575940626044942,720575940627996285,74593,85630,8,1,8
720575940626044942,720575940606149321,74593,2860,1,1,1
720575940626044942,720575940632069583,74593,106827,2,1,2
720575940626044942,720575940631945815,74593,106213,2,1,2
720575940626044942,720575940625525740,74593,71912,3,1,3
720575940626044942,720575940634638562,74593,115673,1,1,1
720575940626246525,720575940618987600,75529,37365,20,1,20
720575940626246525,720575940635119723,75529,116937,3,1,3
720575940626246525,720575940613455986,75529,17428,1,1,1
720575940626246525,720575940625049781,75529,69626,6,1,6
720575940626246525,720575940627796298,75529,84472,39,1,39
720575940626246525,720575940626309562,75529,75832,1,1,1
720575940626246525,720575940608545219,75529,6128,2,1,2
720575940626246525,720575940607635913,75529,4898,3,1,3
720575940626246525,720575940626848275,75529,78706,4,1,4
720575940626246525,720575940632080977,75529,106885,3,1,3
720575940626246525,720575940616733323,75529,28259,3,1,3
720575940626246525,720575940640834211,75529,130068,8,1,8
720575940626246525,720575940621640363,75529,50424,5,1,5
720575940626246525,720575940625357547,75529,71057,2,1,2
720575940626246525,720575940630006521,75529,96463,1,1,1
720575940626246525,720575940626783065,75529,78311,6,1,6
720575940626246525,720575940637547365,75529,122752,1,1,1
720575940626246525,720575940612264817,75529,13536,8,1,8
720575940626246525,720575940619918203,75529,40992,3,1,3
720575940626246525,720575940629609457,75529,94443,6,1,6
720575940626246525,720575940617257985,75529,30179,1,1,1
720575940626246525,720575940635089945,75529,116843,9,1,9
720575940626246525,720575940624931888,75529,68913,1,1,1
720575940626246525,720575940628200551,75529,86814,2,1,2
720575940626246525,720575940634854554,75529,116223,1,1,1
720575940626246525,720575940623957173,75529,63536,3,1,3
720575940626246525,720575940623781127,75529,62546,4,1,4
720575940626246525,720575940637611365,75529,122896,11,1,11
720575940626246525,720575940625102224,75529,69919,1,1,1
720575940626246525,720575940618321364,75529,34640,5,1,5
720575940626246525,720575940627604977,75529,83388,9,1,9
720575940626246525,720575940644632087,75529,133341,3,1,3
720575940626246525,720575940623113752,75529,58832,4,1,4
720575940626246525,720575940610584184,75529,9455,30,1,30
720575940626246525,720575940627996285,75529,85630,1,1,1
720575940626246525,720575940618444473,75529,35141,10,1,10
720575940626246525,720575940613783277,75529,18478,4,1,4
720575940626246525,720575940639172585,75529,126538,2,1,2
720575940626309562,720575940613455986,75832,17428,6,1,6
720575940626309562,720575940640834211,75832,130068,1,1,1
720575940626309562,720575940617257985,75832,30179,1,1,1
720575940626309562,720575940614710509,75832,21291,1,1,1
720575940626309562,720575940629513478,75832,93983,2,1,2
720575940626309562,720575940627604977,75832,83388,1,1,1
720575940626309562,720575940621371045,75832,48838,28,1,28
720575940626309562,720575940644702112,75832,133436,1,1,1
720575940626309562,720575940639172585,75832,126538,1,1,1
720575940626309562,720575940625049781,75832,69626,68,1,68
720575940626309562,720575940613065130,75832,16213,20,1,20
720575940626309562,720575940626246525,75832,75529,6,1,6
720575940626309562,720575940623781127,75832,62546,83,1,83
720575940626309562,720575940614614495,75832,20921,4,1,4
720575940626309562,720575940610584184,75832,9455,22,1,22
720575940626309562,720575940635684762,75832,118536,27,1,27
720575940626309562,720575940604088288,75832,472,2,1,2
720575940626309562,720575940625952755,75832,74067,2,1,2
720575940626309562,720575940635119723,75832,116937,2,1,2
720575940626309562,720575940621103239,75832,47334,1,1,1
720575940626309562,720575940627796298,75832,84472,4,1,4
720575940626309562,720575940621619627,75832,50303,1,1,1
720575940626309562,720575940607635913,75832,4898,4,1,4
720575940626309562,720575940612264817,75832,13536,3,1,3
720575940626309562,720575940605899692,75832,2455,1,1,1
720575940626309562,720575940636611576,75832,120706,1,1,1
720575940626309562,720575940609258850,75832,7131,1,1,1
720575940626309562,720575940637611365,75832,122896,2,1,2
720575940626309562,720575940625102224,75832,69919,1,1,1
720575940626309562,720575940624225741,75832,65148,1,1,1
720575940626309562,720575940620023686,75832,41504,2,1,2
720575940626309562,720575940610505006,75832,9313,39,1,39
720575940626309562,720575940650416505,75832,136795,1,1,1
720575940626309562,720575940629437054,75832,93547,11,1,11
720575940626309562,720575940625357547,75832,71057,95,1,95
720575940626309562,720575940626783065,75832,78311,1,1,1
720575940626309562,720575940606696369,75832,3692,11,1,11
720575940626309562,720575940635089945,75832,116843,5,1,5
720575940626309562,720575940624931888,75832,68913,3,1,3
720575940626309562,720575940628200551,75832,86814,3,1,3
720575940626309562,720575940622523508,75832,55547,2,1,2
720575940626309562,720575940628069501,75832,86059,5,1,5
720575940626309562,720575940618165393,75832,33912,1,1,1
720575940626309562,720575940619615552,75832,39669,6,1,6
720575940626309562,720575940618321364,75832,34640,7,1,7
720575940626309562,720575940623113752,75832,58832,1,1,1
720575940626309562,720575940619148829,75832,38032,4,1,4
720575940626309562,720575940618444473,75832,35141,69,1,69
720575940626403917,720575940624973831,76326,69145,8,1,8
720575940626403917,720575940627497244,76326,82815,1,1,1
720575940626403917,720575940617691734,76326,31898,1,1,1
720575940626403917,720575940631945815,76326,106213,10,1,10
720575940626403917,720575940622516852,76326,55498,64,1,64
720575940626403917,720575940621148948,76326,47604,5,1,5
720575940626403917,720575940629513222,76326,93981,19,1,19
720575940626403917,720575940640736371,76326,129880,1,1,1
720575940626403917,720575940628038808,76326,85900,4,1,4
720575940626403917,720575940606756030,76326,3807,5,1,5
720575940626403917,720575940626039996,76326,74562,10,1,10
720575940626403917,720575940614710509,76326,21291,4,1,4
720575940626403917,720575940650935673,76326,136978,1,1,1
720575940626403917,720575940640851363,76326,130107,4,1,4
720575940626403917,720575940613686698,76326,18198,2,1,2
720575940626403917,720575940627277242,76326,81468,21,1,21
720575940626403917,720575940621371045,76326,48838,89,1,89
720575940626403917,720575940623444044,76326,60791,21,1,21
720575940626403917,720575940623133097,76326,58953,465,1,465
720575940626403917,720575940628908548,76326,90883,2,1,2
720575940626403917,720575940632504874,76326,108774,2,1,2
720575940626403917,720575940636543668,76326,120535,32,1,32
720575940626403917,720575940630006521,76326,96463,3,1,3
720575940626403917,720575940606692542,76326,3686,345,1,345
720575940626403917,720575940640263989,76326,128969,429,1,429
720575940626403917,720575940612976497,76326,15923,1,1,1
720575940626403917,720575940635684762,76326,118536,2,1,2
720575940626403917,720575940623888397,76326,63126,6,1,6
720575940626403917,720575940629614953,76326,94470,10,1,10
720575940626403917,720575940634612194,76326,115594,1,1,1
720575940626403917,720575940619055617,76326,37633,2,1,2
720575940626403917,720575940627706398,76326,83920,27,1,27
720575940626403917,720575940627190556,76326,80928,3,1,3
720575940626403917,720575940631180599,76326,102668,12,1,12
720575940626403917,720575940616534338,76326,27609,1,1,1
720575940626403917,720575940628592968,76326,89117,3,1,3
720575940626403917,720575940621801819,76326,51422,526,1,526
720575940626403917,720575940639209956,76326,126635,24,1,24
720575940626403917,720575940631190016,76326,102727,3,1,3
720575940626403917,720575940626979621,76326,79529,7,1,7
720575940626403917,720575940635089945,76326,116843,11,1,11
720575940626403917,720575940628307026,76326,87447,369,1,369
720575940626403917,720575940621393172,76326,48970,13,1,13
720575940626403917,720575940620008758,76326,41414,2,1,2
720575940626403917,720575940615028143,76326,22366,1,1,1
720575940626403917,720575940611563310,76326,11645,3,1,3
720575940626403917,720575940623499132,76326,61120,5,1,5
720575940626462014,720575940638900713,76592,125852,1,-1,-1
720575940626462014,720575940623475324,76592,60985,169,-1,-169
720575940626462014,720575940617257985,76592,30179,1,-1,-1
720575940626462014,720575940624402173,76592,66211,2,-1,-2
720575940626462014,720575940625000200,76592,69303,1,-1,-1
720575940626462014,720575940644702112,76592,133436,184,-1,-184
720575940626462014,720575940639172585,76592,126538,1,-1,-1
720575940626462014,720575940645693988,76592,134541,2,-1,-2
720575940626462014,720575940635684762,76592,118536,2,-1,-2
720575940626462014,720575940604088288,76592,472,2,-1,-2
720575940626462014,720575940621619627,76592,50303,14,-1,-14
720575940626462014,720575940629461442,76592,93663,3,-1,-3
720575940626462014,720575940631190016,76592,102727,1,-1,-1
720575940626462014,720575940620802836,76592,45589,129,-1,-129
720575940626462014,720575940626783065,76592,78311,1,-1,-1
720575940626462014,720575940632469290,76592,108631,1,-1,-1
720575940626462014,720575940612718563,76592,15002,37,-1,-37
720575940626462014,720575940630487035,76592,98881,132,-1,-132
720575940626783065,720575940620918789,78311,46248,1,-1,-1
720575940626783065,720575940616733323,78311,28259,70,-1,-70
720575940626783065,720575940640834211,78311,130068,170,-1,-170
720575940626783065,720575940621640363,78311,50424,28,-1,-28
720575940626783065,720575940618987600,78311,37365,7,-1,-7
720575940626783065,720575940645693988,78311,134541,1,-1,-1
720575940626783065,720575940626246525,78311,75529,6,-1,-6
720575940626783065,720575940625525740,78311,71912,4,-1,-4
720575940626783065,720575940623781127,78311,62546,12,-1,-12
720575940626783065,720575940610584184,78311,9455,7,-1,-7
720575940626783065,720575940635119723,78311,116937,124,-1,-124
720575940626783065,720575940627796298,78311,84472,68,-1,-68
720575940626783065,720575940622160705,78311,53457,1,-1,-1
720575940626783065,720575940612264817,78311,13536,160,-1,-160
720575940626783065,720575940631180599,78311,102668,1,-1,-1
720575940626783065,720575940626462014,78311,76592,1,-1,-1
720575940626783065,720575940637611365,78311,122896,2,-1,-2
720575940626783065,720575940644632087,78311,133341,1,-1,-1
720575940626783065,720575940622186305,78311,53582,6,-1,-6
720575940626783065,720575940616534338,78311,27609,1,-1,-1
720575940626783065,720575940609137500,78311,6936,1,-1,-1
720575940626783065,720575940635089945,78311,116843,3,-1,-3
720575940626783065,720575940628200551,78311,86814,3,-1,-3
720575940626783065,720575940618165393,78311,33912,4,-1,-4
720575940626783065,720575940623957173,78311,63536,21,-1,-21
720575940626783065,720575940618321364,78311,34640,4,-1,-4
720575940626783065,720575940623113752,78311,58832,7,-1,-7
720575940626783065,720575940627996285,78311,85630,6,-1,-6
720575940626783065,720575940618444473,78311,35141,3,-1,-3
720575940626783065,720575940613783277,78311,18478,1,-1,-1
720575940626848275,720575940626044942,78706,74593,1,-1,-1
720575940626848275,720575940618987600,78706,37365,3,-1,-3
720575940626848275,720575940610505006,78706,9313,1,-1,-1
720575940626848275,720575940615723314,78706,24792,2,-1,-2
720575940626848275,720575940650416505,78706,136795,1,-1,-1
720575940626848275,720575940613065130,78706,16213,1,-1,-1
720575940626848275,720575940626309562,78706,75832,1,-1,-1
720575940626848275,720575940608545219,78706,6128,7,-1,-7
720575940626848275,720575940638900713,78706,125852,14,-1,-14
720575940626848275,720575940633893401,78706,113894,27,-1,-27
720575940626848275,720575940618932763,78706,37128,6,-1,-6
720575940626848275,720575940632777320,78706,109989,2,-1,-2
720575940626848275,720575940629437054,78706,93547,25,-1,-25
720575940626848275,720575940606149321,78706,2860,51,-1,-51
720575940626848275,720575940609137500,78706,6936,2,-1,-2
720575940626848275,720575940621689727,78706,50739,1,-1,-1
720575940626848275,720575940629609457,78706,94443,4,-1,-4
720575940626848275,720575940618165393,78706,33912,2,-1,-2
720575940626848275,720575940626977947,78706,79515,1,-1,-1
720575940626848275,720575940614710509,78706,21291,2,-1,-2
720575940626848275,720575940629513478,78706,93983,445,-1,-445
720575940626848275,720575940609258850,78706,7131,2,-1,-2
720575940626848275,720575940628082053,78706,86153,32,-1,-32
720575940626848275,720575940625102224,78706,69919,15,-1,-15
720575940626848275,720575940631842360,78706,105779,1,-1,-1
720575940626848275,720575940621371045,78706,48838,212,-1,-212
720575940626848275,720575940632469290,78706,108631,4,-1,-4
720575940626848275,720575940604088288,78706,472,9,-1,-9
720575940626872932,720575940628406538,78877,88104,4,1,4
720575940626872932,720575940628038808,78877,85900,2,1,2
720575940626872932,720575940606756030,78877,3807,21,1,21
720575940626872932,720575940614710509,78877,21291,1,1,1
720575940626872932,720575940639172585,78877,126538,1,1,1
720575940626872932,720575940645693988,78877,134541,3,1,3
720575940626872932,720575940636543668,78877,120535,4,1,4
720575940626872932,720575940618554041,78877,35604,5,1,5
720575940626872932,720575940625525740,78877,71912,1,1,1
720575940626872932,720575940628762280,78877,90031,2,1,2
720575940626872932,720575940612976497,78877,15923,1,1,1
720575940626872932,720575940622331830,78877,54462,1,1,1
720575940626872932,720575940623888397,78877,63126,663,1,663
720575940626872932,720575940621619627,78877,50303,7,1,7
720575940626872932,720575940616534338,78877,27609,3,1,3
720575940626872932,720575940611563310,78877,11645,198,1,198
720575940626872932,720575940623499132,78877,61120,536,1,536
720575940626977947,720575940626044942,79515,74593,8,1,8
720575940626977947,720575940618987600,79515,37365,4,1,4
720575940626977947,720575940635119723,79515,116937,70,1,70
720575940626977947,720575940613455986,79515,17428,1,1,1
720575940626977947,720575940618807454,79515,36647,2,1,2
720575940626977947,720575940625049781,79515,69626,100,1,100
720575940626977947,720575940610505006,79515,9313,1,1,1
720575940626977947,720575940615723314,79515,24792,5,1,5
720575940626977947,720575940627796298,79515,84472,129,1,129
720575940626977947,720575940652554657,79515,137195,1,1,1
720575940626977947,720575940613065130,79515,16213,27,1,27
720575940626977947,720575940608545219,79515,6128,64,1,64
720575940626977947,720575940638900713,79515,125852,12,1,12
720575940626977947,720575940626848275,79515,78706,70,1,70
720575940626977947,720575940618932763,79515,37128,4,1,4
720575940626977947,720575940632777320,79515,109989,14,1,14
720575940626977947,720575940622516852,79515,55498,2,1,2
720575940626977947,720575940629437054,79515,93547,5,1,5
720575940626977947,720575940616733323,79515,28259,121,1,121
720575940626977947,720575940640834211,79515,130068,233,1,233
720575940626977947,720575940621640363,79515,50424,12,1,12
720575940626977947,720575940606149321,79515,2860,39,1,39
720575940626977947,720575940625357547,79515,71057,98,1,98
720575940626977947,720575940626783065,79515,78311,1,1,1
720575940626977947,720575940609137500,79515,6936,2,1,2
720575940626977947,720575940612264817,79515,13536,2,1,2
720575940626977947,720575940625525740,79515,71912,15,1,15
720575940626977947,720575940629609457,79515,94443,1,1,1
720575940626977947,720575940635089945,79515,116843,3,1,3
720575940626977947,720575940628200551,79515,86814,6,1,6
720575940626977947,720575940614710509,79515,21291,31,1,31
720575940626977947,720575940629513478,79515,93983,80,1,80
720575940626977947,720575940623781127,79515,62546,2,1,2
720575940626977947,720575940631180599,79515,102668,3,1,3
720575940626977947,720575940609258850,79515,7131,22,1,22
720575940626977947,720575940628082053,79515,86153,2,1,2
720575940626977947,720575940625102224,79515,69919,2,1,2
720575940626977947,720575940616736198,79515,28268,23,1,23
720575940626977947,720575940618321364,79515,34640,161,1,161
720575940626977947,720575940627604977,79515,83388,48,1,48
720575940626977947,720575940623113752,79515,58832,81,1,81
720575940626977947,720575940631842360,79515,105779,3,1,3
720575940626977947,720575940610584184,79515,9455,12,1,12
720575940626977947,720575940627996285,79515,85630,4,1,4
720575940626977947,720575940621371045,79515,48838,15,1,15
720575940626977947,720575940618444473,79515,35141,101,1,101
720575940626977947,720575940620023686,79515,41504,1,1,1
720575940626977947,720575940635684762,79515,118536,39,1,39
720575940626977947,720575940604088288,79515,472,1,1,1
720575940626979621,720575940622516852,79529,55498,9,-1,-9
720575940626979621,720575940621801819,79529,51422,2,-1,-2
720575940626979621,720575940621116807,79529,47410,517,-1,-517
720575940626979621,720575940622364854,79529,54686,3,-1,-3
720575940626979621,720575940650416505,79529,136795,4,-1,-4
720575940626979621,720575940628038808,79529,85900,1,-1,-1
720575940626979621,720575940613065130,79529,16213,1,-1,-1
720575940626979621,720575940630006521,79529,96463,8,-1,-8
720575940626979621,720575940640263989,79529,128969,2,-1,-2
720575940626979621,720575940626403917,79529,76326,1,-1,-1
720575940626979621,720575940628307026,79529,87447,9,-1,-9
720575940626979621,720575940617691734,79529,31898,9,-1,-9
720575940626979621,720575940614710509,79529,21291,4,-1,-4
720575940626979621,720575940635684762,79529,118536,3,-1,-3
720575940627190556,720575940622516852,80928,55498,5,-1,-5
720575940627190556,720575940629382150,80928,93253,33,-1,-33
720575940627190556,720575940632504874,80928,108774,6,-1,-6
720575940627190556,720575940623888397,80928,63126,2,-1,-2
720575940627190556,720575940629614953,80928,94470,2,-1,-2
720575940627190556,720575940634612194,80928,115594,756,-1,-756
720575940627190556,720575940627706398,80928,83920,28,-1,-28
720575940627190556,720575940639209956,80928,126635,42,-1,-42
720575940627190556,720575940628307026,80928,87447,1416,-1,-1416
720575940627190556,720575940632427603,80928,108438,1121,-1,-1121
720575940627190556,720575940620008758,80928,41414,87,-1,-87
720575940627250238,720575940628406538,81300,88104,13,-1,-13
720575940627250238,720575940627497244,81300,82815,34,-1,-34
720575940627250238,720575940622516852,81300,55498,1,-1,-1
720575940627250238,720575940623475324,81300,60985,2,-1,-2
720575940627250238,720575940640736371,81300,129880,54,-1,-54
720575940627250238,720575940614710509,81300,21291,1,-1,-1
720575940627250238,720575940650935673,81300,136978,4,-1,-4
720575940627250238,720575940640851363,81300,130107,18,-1,-18
720575940627250238,720575940645693988,81300,134541,1,-1,-1
720575940627250238,720575940630006521,81300,96463,2,-1,-2
720575940627250238,720575940614614495,81300,20921,12,-1,-12
720575940627250238,720575940631023159,81300,101848,49,-1,-49
720575940627250238,720575940629614953,81300,94470,5,-1,-5
720575940627250238,720575940619055617,81300,37633,12,-1,-12
720575940627250238,720575940621522624,81300,49701,14,-1,-14
720575940627250238,720575940621195290,81300,47847,30,-1,-30
720575940627250238,720575940628592968,81300,89117,12,-1,-12
720575940627250238,720575940615028143,81300,22366,275,-1,-275
720575940627250238,720575940632821352,81300,110191,2,-1,-2
720575940627253604,720575940620918789,81321,46248,124,-1,-124
720575940627253604,720575940631517251,81321,104365,9,-1,-9
720575940627253604,720575940618807454,81321,36647,1,-1,-1
720575940627253604,720575940616534338,81321,27609,2,-1,-2
720575940627253604,720575940628455942,81321,88385,2,-1,-2
720575940627253604,720575940632689199,81321,109569,1,-1,-1
720575940627253604,720575940626872932,81321,78877,2,-1,-2
720575940627253604,720575940622516852,81321,55498,3,-1,-3
720575940627253604,720575940635202204,81321,117221,3,-1,-3
720575940627253604,720575940620802836,81321,45589,80,-1,-80
720575940627253604,720575940626783065,81321,78311,1,-1,-1
720575940627253604,720575940618165393,81321,33912,2,-1,-2
720575940627253604,720575940628038808,81321,85900,1,-1,-1
720575940627253604,720575940633556644,81321,112815,4,-1,-4
720575940627253604,720575940630204155,81321,97451,4,-1,-4
720575940627253604,720575940624402173,81321,66211,4,-1,-4
720575940627253604,720575940628346634,81321,87693,7,-1,-7
720575940627253604,720575940622186305,81321,53582,1,-1,-1
720575940627253604,720575940644702112,81321,133436,5,-1,-5
720575940627253604,720575940630085583,81321,96843,126,-1,-126
720575940627253604,720575940604088288,81321,472,1,-1,-1
720575940627253604,720575940630487035,81321,98881,61,-1,-61
720575940627277242,720575940638900713,81468,125852,1,-1,-1
720575940627277242,720575940631945815,81468,106213,1,-1,-1
720575940627277242,720575940622516852,81468,55498,1,-1,-1
720575940627277242,720575940623475324,81468,60985,1,-1,-1
720575940627277242,720575940628038808,81468,85900,3,-1,-3
720575940627277242,720575940626039996,81468,74562,11,-1,-11
720575940627277242,720575940606756030,81468,3807,2,-1,-2
720575940627277242,720575940621116807,81468,47410,1,-1,-1
720575940627277242,720575940644702112,81468,133436,1,-1,-1
720575940627277242,720575940639172585,81468,126538,1,-1,-1
720575940627277242,720575940623444044,81468,60791,14,-1,-14
720575940627277242,720575940628908548,81468,90883,1,-1,-1
720575940627277242,720575940636543668,81468,120535,4,-1,-4
720575940627277242,720575940618554041,81468,35604,1,-1,-1
720575940627277242,720575940606692542,81468,3686,3,-1,-3
720575940627277242,720575940628082053,81468,86153,4,-1,-4
720575940627277242,720575940640263989,81468,128969,4,-1,-4
720575940627277242,720575940623888397,81468,63126,3,-1,-3
720575940627277242,720575940621619627,81468,50303,1,-1,-1
720575940627277242,720575940626403917,81468,76326,2,-1,-2
720575940627277242,720575940631180599,81468,102668,1,-1,-1
720575940627277242,720575940621801819,81468,51422,1,-1,-1
720575940627277242,720575940631190016,81468,102727,1,-1,-1
720575940627277242,720575940609137500,81468,6936,1,-1,-1
720575940627277242,720575940635089945,81468,116843,1,-1,-1
720575940627277242,720575940628307026,81468,87447,1,-1,-1
720575940627277242,720575940621393172,81468,48970,2,-1,-2
720575940627277242,720575940611563310,81468,11645,17,-1,-17
720575940627277242,720575940623499132,81468,61120,5,-1,-5
720575940627497244,720575940624973831,82815,69145,2,-1,-2
720575940627497244,720575940622516852,82815,55498,7,-1,-7
720575940627497244,720575940640736371,82815,129880,27,-1,-27
720575940627497244,720575940623475324,82815,60985,9,-1,-9
720575940627497244,720575940621148948,82815,47604,3,-1,-3
720575940627497244,720575940650935673,82815,136978,17,-1,-17
720575940627497244,720575940619055617,82815,37633,16,-1,-16
720575940627497244,720575940628592968,82815,89117,39,-1,-39
720575940627497244,720575940650416505,82815,136795,3,-1,-3
720575940627497244,720575940627250238,82815,81300,971,-1,-971
720575940627497244,720575940615028143,82815,22366,225,-1,-225
720575940627497244,720575940632821352,82815,110191,1058,-1,-1058
720575940627497244,720575940640851363,82815,130107,19,-1,-19
720575940627497244,720575940630006521,82815,96463,3,-1,-3
720575940627497244,720575940631023159,82815,101848,14,-1,-14
720575940627497244,720575940630204155,82815,97451,2,-1,-2
720575940627497244,720575940629614953,82815,94470,7,-1,-7
720575940627497244,720575940621522624,82815,49701,12,-1,-12
720575940627497244,720575940621195290,82815,47847,58,-1,-58
720575940627497244,720575940628406538,82815,88104,57,-1,-57
720575940627497244,720575940614710509,82815,21291,1,-1,-1
720575940627497244,720575940628082053,82815,86153,2,-1,-2
720575940627497244,720575940614614495,82815,20921,4,-1,-4
720575940627502338,720575940629513222,82843,93981,691,-1,-691
720575940627502338,720575940637689486,82843,123135,9,-1,-9
720575940627502338,720575940625000200,82843,69303,27,-1,-27
720575940627502338,720575940615743650,82843,24869,46,-1,-46
720575940627502338,720575940636543668,82843,120535,1,-1,-1
720575940627502338,720575940630810306,82843,100681,67,-1,-67
720575940627502338,720575940636611576,82843,120706,2,-1,-2
720575940627502338,720575940631147776,82843,102498,3,-1,-3
720575940627502338,720575940631180599,82843,102668,5,-1,-5
720575940627502338,720575940619991862,82843,41335,48,-1,-48
720575940627604977,720575940624973831,83388,69145,5,-1,-5
720575940627604977,720575940622364854,83388,54686,2,-1,-2
720575940627604977,720575940604569824,83388,750,2,-1,-2
720575940627604977,720575940610505006,83388,9313,2,-1,-2
720575940627604977,720575940615723314,83388,24792,6,-1,-6
720575940627604977,720575940613065130,83388,16213,9,-1,-9
720575940627604977,720575940626309562,83388,75832,1,-1,-1
720575940627604977,720575940608545219,83388,6128,6,-1,-6
720575940627604977,720575940638900713,83388,125852,72,-1,-72
720575940627604977,720575940618932763,83388,37128,2,-1,-2
720575940627604977,720575940617691734,83388,31898,1,-1,-1
720575940627604977,720575940623475324,83388,60985,1,-1,-1
720575940627604977,720575940629437054,83388,93547,7,-1,-7
720575940627604977,720575940606149321,83388,2860,6,-1,-6
720575940627604977,720575940637547365,83388,122752,11,-1,-11
720575940627604977,720575940621689727,83388,50739,5,-1,-5
720575940627604977,720575940629609457,83388,94443,6,-1,-6
720575940627604977,720575940628200551,83388,86814,36,-1,-36
720575940627604977,720575940626977947,83388,79515,6,-1,-6
720575940627604977,720575940614710509,83388,21291,1,-1,-1
720575940627604977,720575940629513478,83388,93983,26,-1,-26
720575940627604977,720575940619615552,83388,39669,9,-1,-9
720575940627604977,720575940609258850,83388,7131,18,-1,-18
720575940627604977,720575940624377224,83388,66072,1,-1,-1
720575940627604977,720575940625102224,83388,69919,221,-1,-221
720575940627604977,720575940640851363,83388,130107,3,-1,-3
720575940627604977,720575940616736198,83388,28268,191,-1,-191
720575940627604977,720575940615255603,83388,23215,1,-1,-1
720575940627604977,720575940631842360,83388,105779,1,-1,-1
720575940627604977,720575940623413116,83388,60591,7,-1,-7
720575940627604977,720575940635684762,83388,118536,4,-1,-4
720575940627706398,720575940622516852,83920,55498,6,-1,-6
720575940627706398,720575940629382150,83920,93253,23,-1,-23
720575940627706398,720575940613065130,83920,16213,1,-1,-1
720575940627706398,720575940632504874,83920,108774,43,-1,-43
720575940627706398,720575940629614953,83920,94470,4,-1,-4
720575940627706398,720575940634612194,83920,115594,44,-1,-44
720575940627706398,720575940626403917,83920,76326,2,-1,-2
720575940627706398,720575940627190556,83920,80928,40,-1,-40
720575940627706398,720575940631999685,83920,106501,3,-1,-3
720575940627706398,720575940639209956,83920,126635,5,-1,-5
720575940627706398,720575940628307026,83920,87447,728,-1,-728
720575940627706398,720575940632427603,83920,108438,1,-1,-1
720575940627706398,720575940620008758,83920,41414,21,-1,-21
720575940627796298,720575940613455986,84472,17428,8,-1,-8
720575940627796298,720575940626309562,84472,75832,1,-1,-1
720575940627796298,720575940616733323,84472,28259,281,-1,-281
720575940627796298,720575940640834211,84472,130068,7,-1,-7
720575940627796298,720575940621640363,84472,50424,23,-1,-23
720575940627796298,720575940618987600,84472,37365,110,-1,-110
720575940627796298,720575940626246525,84472,75529,236,-1,-236
720575940627796298,720575940623781127,84472,62546,152,-1,-152
720575940627796298,720575940610584184,84472,9455,14,-1,-14
720575940627796298,720575940618366843,84472,34813,2,-1,-2
720575940627796298,720575940635119723,84472,116937,17,-1,-17
720575940627796298,720575940632080977,84472,106885,8,-1,-8
720575940627796298,720575940612264817,84472,13536,39,-1,-39
720575940627796298,720575940605899692,84472,2455,1,-1,-1
720575940627796298,720575940626977947,84472,79515,17,-1,-17
720575940627796298,720575940637611365,84472,122896,4,-1,-4
720575940627796298,720575940620023686,84472,41504,1,-1,-1
720575940627796298,720575940632689199,84472,109569,1,-1,-1
720575940627796298,720575940625357547,84472,71057,40,-1,-40
720575940627796298,720575940626783065,84472,78311,63,-1,-63
720575940627796298,720575940609137500,84472,6936,5,-1,-5
720575940627796298,720575940633787309,84472,113568,7,-1,-7
720575940627796298,720575940606696369,84472,3692,63,-1,-63
720575940627796298,720575940635089945,84472,116843,3,-1,-3
720575940627796298,720575940624931888,84472,68913,6,-1,-6
720575940627796298,720575940628200551,84472,86814,5,-1,-5
720575940627796298,720575940623957173,84472,63536,5,-1,-5
720575940627796298,720575940618321364,84472,34640,12,-1,-12
720575940627796298,720575940623113752,84472,58832,16,-1,-16
720575940627796298,720575940627996285,84472,85630,2,-1,-2
720575940627796298,720575940618444473,84472,35141,2,-1,-2
720575940627796298,720575940613783277,84472,18478,1,-1,-1
720575940627996285,720575940632777320,85630,109989,9,1,9
720575940627996285,720575940618165393,85630,33912,1,1,1
720575940627996285,720575940623113752,85630,58832,1,1,1
720575940627996285,720575940608181122,85630,5629,1,1,1
720575940627996285,720575940626044942,85630,74593,14,1,14
720575940627996285,720575940609137500,85630,6936,1,1,1
720575940627996285,720575940631945815,85630,106213,3,1,3
720575940627996285,720575940625525740,85630,71912,12,1,12
720575940627996285,720575940612976497,85630,15923,2,1,2
720575940627996285,720575940634638562,85630,115673,3,1,3
720575940628038808,720575940622516852,85900,55498,345,1,345
720575940628038808,720575940606756030,85900,3807,57,1,57
720575940628038808,720575940636543668,85900,120535,32,1,32
720575940628038808,720575940618554041,85900,35604,3,1,3
720575940628038808,720575940621801819,85900,51422,4,1,4
720575940628038808,720575940626979621,85900,79529,18,1,18
720575940628038808,720575940627996285,85900,85630,1,1,1
720575940628038808,720575940627277242,85900,81468,4,1,4
720575940628038808,720575940645693988,85900,134541,1,1,1
720575940628038808,720575940622331830,85900,54462,4,1,4
720575940628038808,720575940628762280,85900,90031,1,1,1
720575940628038808,720575940640263989,85900,128969,8,1,8
720575940628038808,720575940621619627,85900,50303,4,1,4
720575940628038808,720575940626403917,85900,76326,3,1,3
720575940628038808,720575940631190016,85900,102727,1,1,1
720575940628038808,720575940628307026,85900,87447,10,1,10
720575940628038808,720575940611563310,85900,11645,27,1,27
720575940628038808,720575940614710509,85900,21291,9,1,9
720575940628038808,720575940612976497,85900,15923,7,1,7
720575940628038808,720575940623888397,85900,63126,816,1,816
720575940628038808,720575940626872932,85900,78877,1,1,1
720575940628038808,720575940623499132,85900,61120,779,1,779
720575940628069501,720575940613455986,86059,17428,36,-1,-36
720575940628069501,720575940626309562,86059,75832,2,-1,-2
720575940628069501,720575940633305681,86059,112021,2012,-1,-2012
720575940628069501,720575940644702112,86059,133436,71,-1,-71
720575940628069501,720575940639172585,86059,126538,11,-1,-11
720575940628069501,720575940625952755,86059,74067,70,-1,-70
720575940628069501,720575940621103239,86059,47334,12,-1,-12
720575940628069501,720575940607635913,86059,4898,7,-1,-7
720575940628069501,720575940605899692,86059,2455,1,-1,-1
720575940628069501,720575940636611576,86059,120706,99,-1,-99
720575940628069501,720575940631180599,86059,102668,1,-1,-1
720575940628069501,720575940643255693,86059,132192,9,-1,-9
720575940628069501,720575940624225741,86059,65148,10,-1,-10
720575940628069501,720575940624258857,86059,65344,13,-1,-13
720575940628069501,720575940620023686,86059,41504,2,-1,-2
720575940628069501,720575940609137500,86059,6936,355,-1,-355
720575940628069501,720575940619918203,86059,40992,5,-1,-5
720575940628069501,720575940624931888,86059,68913,2,-1,-2
720575940628069501,720575940622523508,86059,55547,20,-1,-20
720575940628069501,720575940619148829,86059,38032,10,-1,-10
720575940628069501,720575940613783277,86059,18478,8,-1,-8
720575940628082053,720575940627497244,86153,82815,28,-1,-28
720575940628082053,720575940638900713,86153,125852,1,-1,-1
720575940628082053,720575940622516852,86153,55498,1,-1,-1
720575940628082053,720575940623475324,86153,60985,1,-1,-1
720575940628082053,720575940640736371,86153,129880,344,-1,-344
720575940628082053,720575940650935673,86153,136978,589,-1,-589
720575940628082053,720575940640851363,86153,130107,1,-1,-1
720575940628082053,720575940621371045,86153,48838,1,-1,-1
720575940628082053,720575940645693988,86153,134541,5,-1,-5
720575940628082053,720575940630006521,86153,96463,5,-1,-5
720575940628082053,720575940629614953,86153,94470,14,-1,-14
720575940628082053,720575940619055617,86153,37633,22,-1,-22
720575940628082053,720575940625741287,86153,72956,1,-1,-1
720575940628082053,720575940621522624,86153,49701,10,-1,-10
720575940628082053,720575940621195290,86153,47847,1,-1,-1
720575940628082053,720575940610505006,86153,9313,1,-1,-1
720575940628082053,720575940627250238,86153,81300,5,-1,-5
720575940628082053,720575940632821352,86153,110191,1,-1,-1
720575940628154364,720575940633176204,86580,111486,2,-1,-2
720575940628154364,720575940604737708,86580,904,2,-1,-2
720575940628154364,720575940633305681,86580,112021,1,-1,-1
720575940628154364,720575940635202204,86580,117221,1,-1,-1
720575940628154364,720575940636611576,86580,120706,1,-1,-1
720575940628154364,720575940630204155,86580,97451,2,-1,-2
720575940628154364,720575940638668659,86580,125328,1,-1,-1
720575940628154364,720575940630085583,86580,96843,2,-1,-2
720575940628154364,720575940604088288,86580,472,1,-1,-1
720575940628154364,720575940625952755,86580,74067,3,-1,-3
720575940628200551,720575940610505006,86814,9313,1,1,1
720575940628200551,720575940615723314,86814,24792,2,1,2
720575940628200551,720575940627796298,86814,84472,1,1,1
720575940628200551,720575940652554657,86814,137195,1,1,1
720575940628200551,720575940613065130,86814,16213,2,1,2
720575940628200551,720575940608545219,86814,6128,13,1,13
720575940628200551,720575940638900713,86814,125852,10,1,10
720575940628200551,720575940626848275,86814,78706,20,1,20
720575940628200551,720575940618932763,86814,37128,3,1,3
720575940628200551,720575940632080977,86814,106885,1,1,1
720575940628200551,720575940616733323,86814,28259,1,1,1
720575940628200551,720575940606149321,86814,2860,12,1,12
720575940628200551,720575940626783065,86814,78311,1,1,1
720575940628200551,720575940637547365,86814,122752,22,1,22
720575940628200551,720575940626246525,86814,75529,1,1,1
720575940628200551,720575940629609457,86814,94443,24,1,24
720575940628200551,720575940617257985,86814,30179,35,1,35
720575940628200551,720575940626977947,86814,79515,8,1,8
720575940628200551,720575940629513478,86814,93983,4,1,4
720575940628200551,720575940619615552,86814,39669,1,1,1
720575940628200551,720575940609258850,86814,7131,2,1,2
720575940628200551,720575940637611365,86814,122896,1,1,1
720575940628200551,720575940624377224,86814,66072,6,1,6
720575940628200551,720575940625102224,86814,69919,6,1,6
720575940628200551,720575940615028143,86814,22366,7,1,7
720575940628200551,720575940616736198,86814,28268,1,1,1
720575940628200551,720575940618321364,86814,34640,4,1,4
720575940628200551,720575940614614495,86814,20921,2,1,2
720575940628200551,720575940627604977,86814,83388,35,1,35
720575940628200551,720575940631842360,86814,105779,2,1,2
720575940628200551,720575940610584184,86814,9455,1,1,1
720575940628200551,720575940621371045,86814,48838,3,1,3
720575940628200551,720575940635684762,86814,118536,24,1,24
720575940628200551,720575940604088288,86814,472,1,1,1
720575940628307026,720575940622516852,87447,55498,20,-1,-20
720575940628307026,720575940636543668,87447,120535,11,-1,-11
720575940628307026,720575940634612194,87447,115594,1297,-1,-1297
720575940628307026,720575940621801819,87447,51422,16,-1,-16
720575940628307026,720575940626979621,87447,79529,11,-1,-11
720575940628307026,720575940621116807,87447,47410,10,-1,-10
720575940628307026,720575940627277242,87447,81468,3,-1,-3
720575940628307026,720575940627706398,87447,83920,476,-1,-476
720575940628307026,720575940628592968,87447,89117,3,-1,-3
720575940628307026,720575940639209956,87447,126635,714,-1,-714
720575940628307026,720575940632427603,87447,108438,108,-1,-108
720575940628307026,720575940620008758,87447,41414,1,-1,-1
720575940628307026,720575940629382150,87447,93253,57,-1,-57
720575940628307026,720575940628038808,87447,85900,3,-1,-3
720575940628307026,720575940640851363,87447,130107,13,-1,-13
720575940628307026,720575940640263989,87447,128969,17,-1,-17
720575940628307026,720575940629614953,87447,94470,3,-1,-3
720575940628307026,720575940626403917,87447,76326,2,-1,-2
720575940628307026,720575940627190556,87447,80928,12,-1,-12
720575940628307026,720575940614710509,87447,21291,6,-1,-6
720575940628307026,720575940632504874,87447,108774,15,-1,-15
720575940628307026,720575940623888397,87447,63126,1,-1,-1
720575940628346634,720575940626039996,87693,74562,245,1,245
720575940628346634,720575940613686698,87693,18198,7,1,7
720575940628346634,720575940639172585,87693,126538,1,1,1
720575940628346634,720575940623444044,87693,60791,26,1,26
720575940628346634,720575940633176204,87693,111486,4,1,4
720575940628346634,720575940626403917,87693,76326,15,1,15
720575940628346634,720575940608235186,87693,5712,1,1,1
720575940628346634,720575940616534338,87693,27609,4,1,4
720575940628346634,720575940620802836,87693,45589,1,1,1
720575940628346634,720575940621393172,87693,48970,223,1,223
720575940628346634,720575940627996285,87693,85630,1,1,1
720575940628406538,720575940627497244,88104,82815,47,-1,-47
720575940628406538,720575940623475324,88104,60985,1,-1,-1
720575940628406538,720575940640736371,88104,129880,8,-1,-8
720575940628406538,720575940606756030,88104,3807,1,-1,-1
720575940628406538,720575940650935673,88104,136978,3,-1,-3
720575940628406538,720575940640851363,88104,130107,4,-1,-4
720575940628406538,720575940636543668,88104,120535,1,-1,-1
720575940628406538,720575940618554041,88104,35604,1,-1,-1
720575940628406538,720575940631023159,88104,101848,19,-1,-19
720575940628406538,720575940628762280,88104,90031,1,-1,-1
720575940628406538,720575940623888397,88104,63126,10,-1,-10
720575940628406538,720575940629614953,88104,94470,1,-1,-1
720575940628406538,720575940621619627,88104,50303,1,-1,-1
720575940628406538,720575940619055617,88104,37633,11,-1,-11
720575940628406538,720575940621522624,88104,49701,6,-1,-6
720575940628406538,720575940621195290,88104,47847,197,-1,-197
720575940628406538,720575940628592968,88104,89117,11,-1,-11
720575940628406538,720575940627250238,88104,81300,5,-1,-5
720575940628406538,720575940615028143,88104,22366,357,-1,-357
720575940628406538,720575940632821352,88104,110191,8,-1,-8
720575940628406538,720575940611563310,88104,11645,24,-1,-24
720575940628406538,720575940623499132,88104,61120,10,-1,-10
720575940628455942,720575940628695043,88385,89673,3,1,3
720575940628455942,720575940631517251,88385,104365,1,1,1
720575940628455942,720575940637902938,88385,123598,1,1,1
720575940628455942,720575940604737708,88385,904,2,1,2
720575940628455942,720575940620464321,88385,43601,2,1,2
720575940628455942,720575940621457690,88385,49360,5,1,5
720575940628455942,720575940623387786,88385,60448,7,1,7
720575940628455942,720575940619134789,88385,37974,45,1,45
720575940628467611,720575940623788040,88453,62586,28,1,28
720575940628467611,720575940632403986,88453,108296,2,1,2
720575940628467611,720575940616169578,88453,26371,8,1,8
720575940628467611,720575940635119723,88453,116937,3,1,3
720575940628467611,720575940623636701,88453,61846,2,1,2
720575940628467611,720575940638128474,88453,124101,37,1,37
720575940628467611,720575940611379569,88453,11164,11,1,11
720575940628467611,720575940632795532,88453,110077,14,1,14
720575940628467611,720575940635945919,88453,119222,234,1,234
720575940628467611,720575940611079236,88453,10480,1,1,1
720575940628467611,720575940623000858,88453,58146,5,1,5
720575940628467611,720575940636489140,88453,120390,2,1,2
720575940628467611,720575940613590501,88453,17854,94,1,94
720575940628467611,720575940618757666,88453,36451,59,1,59
720575940628467611,720575940624547622,88453,66912,38,1,38
720575940628467611,720575940634707863,88453,115866,1,1,1
720575940628467611,720575940614137809,88453,19409,2,1,2
720575940628592968,720575940624973831,89117,69145,5,-1,-5
720575940628592968,720575940628406538,89117,88104,2,-1,-2
720575940628592968,720575940627497244,89117,82815,1,-1,-1
720575940628592968,720575940626309562,89117,75832,2,-1,-2
720575940628592968,720575940617691734,89117,31898,2,-1,-2
720575940628592968,720575940621148948,89117,47604,10,-1,-10
720575940628592968,720575940617257985,89117,30179,5,-1,-5
720575940628592968,720575940640736371,89117,129880,1,-1,-1
720575940628592968,720575940614710509,89117,21291,3,-1,-3
720575940628592968,720575940629513478,89117,93983,1,-1,-1
720575940628592968,720575940650935673,89117,136978,1,-1,-1
720575940628592968,720575940621116807,89117,47410,4,-1,-4
720575940628592968,720575940640851363,89117,130107,6,-1,-6
720575940628592968,720575940621371045,89117,48838,13,-1,-13
720575940628592968,720575940630006521,89117,96463,3,-1,-3
720575940628592968,720575940626246525,89117,75529,2,-1,-2
720575940628592968,720575940616736198,89117,28268,1,-1,-1
720575940628592968,720575940614614495,89117,20921,9,-1,-9
720575940628592968,720575940631023159,89117,101848,35,-1,-35
720575940628592968,720575940635684762,89117,118536,12,-1,-12
720575940628592968,720575940629614953,89117,94470,1,-1,-1
720575940628592968,720575940619055617,89117,37633,1,-1,-1
720575940628592968,720575940609258850,89117,7131,223,-1,-223
720575940628592968,720575940625102224,89117,69919,3,-1,-3
720575940628592968,720575940621195290,89117,47847,324,-1,-324
720575940628592968,720575940650416505,89117,136795,2,-1,-2
720575940628592968,720575940626848275,89117,78706,2,-1,-2
720575940628592968,720575940637547365,89117,122752,33,-1,-33
720575940628592968,720575940629609457,89117,94443,1,-1,-1
720575940628592968,720575940627250238,89117,81300,1,-1,-1
720575940628592968,720575940628200551,89117,86814,83,-1,-83
720575940628592968,720575940615028143,89117,22366,8,-1,-8
720575940628592968,720575940632821352,89117,110191,1,-1,-1
720575940628695043,720575940637902938,89673,123598,8,1,8
720575940628695043,720575940604737708,89673,904,2,1,2
720575940628695043,720575940620464321,89673,43601,11,1,11
720575940628695043,720575940630487035,89673,98881,1,1,1
720575940628695043,720575940631103744,89673,102264,4,1,4
720575940628695043,720575940627253604,89673,81321,1,1,1
720575940628695043,720575940628455942,89673,88385,1,1,1
720575940628695043,720575940630496374,89673,98925,1,1,1
720575940628695043,720575940623387786,89673,60448,51,1,51
720575940628695043,720575940631999685,89673,106501,2,1,2
720575940628695043,720575940636489140,89673,120390,1,1,1
720575940628695043,720575940620975696,89673,46609,1,1,1
720575940628695043,720575940624547622,89673,66912,2,1,2
720575940628695043,720575940619134789,89673,37974,6,1,6
720575940628695043,720575940634707863,89673,115866,3,1,3
720575940628762280,720575940628406538,90031,88104,1,-1,-1
720575940628762280,720575940622516852,90031,55498,4,-1,-4
720575940628762280,720575940636543668,90031,120535,1,-1,-1
720575940628762280,720575940618554041,90031,35604,362,-1,-362
720575940628762280,720575940612976497,90031,15923,2,-1,-2
720575940628762280,720575940622331830,90031,54462,51,-1,-51
720575940628762280,720575940623888397,90031,63126,9,-1,-9
720575940628762280,720575940611563310,90031,11645,563,-1,-563
720575940628762280,720575940623499132,90031,61120,6,-1,-6
720575940628865644,720575940628895750,90648,90809,1,-1,-1
720575940628865644,720575940610505006,90648,9313,5,-1,-5
720575940628865644,720575940615723314,90648,24792,6,-1,-6
720575940628865644,720575940608545219,90648,6128,1,-1,-1
720575940628865644,720575940633893401,90648,113894,4,-1,-4
720575940628865644,720575940629437054,90648,93547,10,-1,-10
720575940628865644,720575940614374034,90648,20169,2,-1,-2
720575940628865644,720575940606149321,90648,2860,8,-1,-8
720575940628865644,720575940621689727,90648,50739,1,-1,-1
720575940628865644,720575940626977947,90648,79515,2,-1,-2
720575940628865644,720575940609258850,90648,7131,5,-1,-5
720575940628865644,720575940625102224,90648,69919,4,-1,-4
720575940628865644,720575940615255603,90648,23215,3,-1,-3
720575940628865644,720575940631842360,90648,105779,10,-1,-10
720575940628865644,720575940621371045,90648,48838,14,-1,-14
720575940628865644,720575940623413116,90648,60591,1,-1,-1
720575940628865644,720575940604088288,90648,472,34,-1,-34
720575940628895750,720575940637098352,90809,121757,1,-1,-1
720575940628895750,720575940624712206,90809,67725,1,-1,-1
720575940628895750,720575940614374034,90809,20169,2,-1,-2
720575940628895750,720575940621689727,90809,50739,1,-1,-1
720575940628895750,720575940617257985,90809,30179,7,-1,-7
720575940628895750,720575940624402173,90809,66211,1,-1,-1
720575940628895750,720575940614137809,90809,19409,1,-1,-1
720575940628895750,720575940631842360,90809,105779,1,-1,-1
720575940628895750,720575940604088288,90809,472,19,-1,-19
720575940628895750,720575940624879911,90809,68599,1,-1,-1
720575940628895750,720575940608545219,90809,6128,1,-1,-1
720575940628895750,720575940618932763,90809,37128,1,-1,-1
720575940628895750,720575940622160705,90809,53457,1,-1,-1
720575940628895750,720575940621195290,90809,47847,14,-1,-14
720575940628895750,720575940633893401,90809,113894,66,-1,-66
720575940628895750,720575940615028143,90809,22366,88,-1,-88
720575940628908548,720575940636543668,90883,120535,1,-1,-1
720575940628908548,720575940606692542,90883,3686,1,-1,-1
720575940628908548,720575940630810306,90883,100681,1,-1,-1
720575940628908548,720575940631306284,90883,103357,554,-1,-554
720575940628908548,720575940625049781,90883,69626,4,-1,-4
720575940628908548,720575940631147776,90883,102498,2,-1,-2
720575940628908548,720575940631180599,90883,102668,11,-1,-11
720575940628908548,720575940629513222,90883,93981,49,-1,-49
720575940628908548,720575940631190016,90883,102727,1,-1,-1
720575940628908548,720575940618444473,90883,35141,2,-1,-2
720575940628908548,720575940623133097,90883,58953,8,-1,-8
720575940629382150,720575940622516852,93253,55498,1,-1,-1
720575940629382150,720575940632504874,93253,108774,19,-1,-19
720575940629382150,720575940629614953,93253,94470,1,-1,-1
720575940629382150,720575940634612194,93253,115594,1335,-1,-1335
720575940629382150,720575940627706398,93253,83920,5,-1,-5
720575940629382150,720575940627190556,93253,80928,13,-1,-13
720575940629382150,720575940639209956,93253,126635,2,-1,-2
720575940629382150,720575940628307026,93253,87447,84,-1,-84
720575940629382150,720575940632427603,93253,108438,55,-1,-55
720575940629382150,720575940620008758,93253,41414,1,-1,-1
720575940629437054,720575940618807454,93547,36647,1,1,1
720575940629437054,720575940613065130,93547,16213,8,1,8
720575940629437054,720575940608545219,93547,6128,1,1,1
720575940629437054,720575940626848275,93547,78706,3,1,3
720575940629437054,720575940633893401,93547,113894,1,1,1
720575940629437054,720575940618932763,93547,37128,17,1,17
720575940629437054,720575940626872932,93547,78877,1,1,1
720575940629437054,720575940614374034,93547,20169,4,1,4
720575940629437054,720575940606149321,93547,2860,4,1,4
720575940629437054,720575940622160705,93547,53457,2,1,2
720575940629437054,720575940626783065,93547,78311,3,1,3
720575940629437054,720575940621689727,93547,50739,3,1,3
720575940629437054,720575940604470240,93547,676,28,1,28
720575940629437054,720575940618165393,93547,33912,1,1,1
720575940629437054,720575940626977947,93547,79515,1,1,1
720575940629437054,720575940623957173,93547,63536,1,1,1
720575940629437054,720575940623432918,93547,60699,5,1,5
720575940629437054,720575940614710509,93547,21291,12,1,12
720575940629437054,720575940629513478,93547,93983,86,1,86
720575940629437054,720575940625102224,93547,69919,1,1,1
720575940629437054,720575940623113752,93547,58832,9,1,9
720575940629437054,720575940631842360,93547,105779,2,1,2
720575940629437054,720575940624402173,93547,66211,13,1,13
720575940629437054,720575940628346634,93547,87693,11,1,11
720575940629437054,720575940632469290,93547,108631,39,1,39
720575940629437054,720575940635684762,93547,118536,1,1,1
720575940629437054,720575940604088288,93547,472,175,1,175
720575940629461442,720575940618807454,93663,36647,1,1,1
720575940629461442,720575940615723314,93663,24792,1,1,1
720575940629461442,720575940640803200,93663,130032,1,1,1
720575940629461442,720575940626872932,93663,78877,1,1,1
720575940629461442,720575940637594334,93663,122856,1,1,1
720575940629461442,720575940621148948,93663,47604,3,1,3
720575940629461442,720575940628154364,93663,86580,1,1,1
720575940629461442,720575940614710509,93663,21291,1,1,1
720575940629461442,720575940633294796,93663,111976,1,1,1
720575940629513222,720575940637689486,93981,123135,10,-1,-10
720575940629513222,720575940628908548,93981,90883,25,-1,-25
720575940629513222,720575940636543668,93981,120535,2,-1,-2
720575940629513222,720575940606692542,93981,3686,16,-1,-16
720575940629513222,720575940630810306,93981,100681,67,-1,-67
720575940629513222,720575940627502338,93981,82843,402,-1,-402
720575940629513222,720575940622523508,93981,55547,12,-1,-12
720575940629513222,720575940631306284,93981,103357,21,-1,-21
720575940629513222,720575940623444044,93981,60791,1,-1,-1
720575940629513222,720575940615743650,93981,24869,24,-1,-24
720575940629513222,720575940631999685,93981,106501,74,-1,-74
720575940629513222,720575940631147776,93981,102498,321,-1,-321
720575940629513222,720575940631180599,93981,102668,7,-1,-7
720575940629513222,720575940626403917,93981,76326,20,-1,-20
720575940629513222,720575940631190016,93981,102727,2,-1,-2
720575940629513222,720575940635089945,93981,116843,1,-1,-1
720575940629513222,720575940625000200,93981,69303,41,-1,-41
720575940629513222,720575940623133097,93981,58953,22,-1,-22
720575940629513222,720575940607635913,93981,4898,4,-1,-4
720575940629513222,720575940619991862,93981,41335,829,-1,-829
720575940629513478,720575940624973831,93983,69145,6,1,6
720575940629513478,720575940613455986,93983,17428,2,1,2
720575940629513478,720575940638900713,93983,125852,23,1,23
720575940629513478,720575940617691734,93983,31898,1,1,1
720575940629513478,720575940628865644,93983,90648,1,1,1
720575940629513478,720575940623475324,93983,60985,2,1,2
720575940629513478,720575940606149321,93983,2860,14,1,14
720575940629513478,720575940621689727,93983,50739,1,1,1
720575940629513478,720575940614710509,93983,21291,9,1,9
720575940629513478,720575940627604977,93983,83388,13,1,13
720575940629513478,720575940621371045,93983,48838,6,1,6
720575940629513478,720575940618987600,93983,37365,4,1,4
720575940629513478,720575940613065130,93983,16213,6,1,6
720575940629513478,720575940645693988,93983,134541,3,1,3
720575940629513478,720575940630006521,93983,96463,4,1,4
720575940629513478,720575940628082053,93983,86153,3,1,3
720575940629513478,720575940616736198,93983,28268,12,1,12
720575940629513478,720575940614614495,93983,20921,1,1,1
720575940629513478,720575940631842360,93983,105779,6,1,6
720575940629513478,720575940635684762,93983,118536,10,1,10
720575940629513478,720575940604088288,93983,472,2,1,2
720575940629513478,720575940622364854,93983,54686,1,1,1
720575940629513478,720575940608545219,93983,6128,20,1,20
720575940629513478,720575940618932763,93983,37128,6,1,6
720575940629513478,720575940632777320,93983,109989,1,1,1
720575940629513478,720575940626977947,93983,79515,17,1,17
720575940629513478,720575940609258850,93983,7131,27,1,27
720575940629513478,720575940625102224,93983,69919,9,1,9
720575940629513478,720575940615255603,93983,23215,3,1,3
720575940629513478,720575940626044942,93983,74593,2,1,2
720575940629513478,720575940610505006,93983,9313,2,1,2
720575940629513478,720575940615723314,93983,24792,18,1,18
720575940629513478,720575940650416505,93983,136795,2,1,2
720575940629513478,720575940652554657,93983,137195,1,1,1
720575940629513478,720575940626848275,93983,78706,378,1,378
720575940629513478,720575940633893401,93983,113894,18,1,18
720575940629513478,720575940629437054,93983,93547,11,1,11
720575940629513478,720575940637547365,93983,122752,9,1,9
720575940629513478,720575940629609457,93983,94443,9,1,9
720575940629513478,720575940628200551,93983,86814,1,1,1
720575940629513478,720575940619615552,93983,39669,1,1,1
720575940629513478,720575940615028143,93983,22366,1,1,1
720575940629513478,720575940632469290,93983,108631,2,1,2
720575940629609457,720575940624973831,94443,69145,2,-1,-2
720575940629609457,720575940626044942,94443,74593,1,-1,-1
720575940629609457,720575940621195290,94443,47847,1,-1,-1
720575940629609457,720575940618987600,94443,37365,52,-1,-52
720575940629609457,720575940622364854,94443,54686,68,-1,-68
720575940629609457,720575940615723314,94443,24792,50,-1,-50
720575940629609457,720575940627796298,94443,84472,3,-1,-3
720575940629609457,720575940652554657,94443,137195,4,-1,-4
720575940629609457,720575940613065130,94443,16213,1,-1,-1
720575940629609457,720575940608545219,94443,6128,13,-1,-13
720575940629609457,720575940638900713,94443,125852,5,-1,-5
720575940629609457,720575940618932763,94443,37128,4,-1,-4
720575940629609457,720575940633893401,94443,113894,1,-1,-1
720575940629609457,720575940632080977,94443,106885,13,-1,-13
720575940629609457,720575940617691734,94443,31898,155,-1,-155
720575940629609457,720575940616733323,94443,28259,29,-1,-29
720575940629609457,720575940640834211,94443,130068,2,-1,-2
720575940629609457,720575940606149321,94443,2860,1,-1,-1
720575940629609457,720575940630006521,94443,96463,2,-1,-2
720575940629609457,720575940626783065,94443,78311,1,-1,-1
720575940629609457,720575940637547365,94443,122752,12,-1,-12
720575940629609457,720575940626246525,94443,75529,1,-1,-1
720575940629609457,720575940621689727,94443,50739,2,-1,-2
720575940629609457,720575940628200551,94443,86814,1,-1,-1
720575940629609457,720575940626977947,94443,79515,73,-1,-73
720575940629609457,720575940614710509,94443,21291,8,-1,-8
720575940629609457,720575940629513478,94443,93983,8,-1,-8
720575940629609457,720575940609258850,94443,7131,633,-1,-633
720575940629609457,720575940625102224,94443,69919,6,-1,-6
720575940629609457,720575940615028143,94443,22366,3,-1,-3
720575940629609457,720575940616736198,94443,28268,51,-1,-51
720575940629609457,720575940618321364,94443,34640,2,-1,-2
720575940629609457,720575940627604977,94443,83388,2,-1,-2
720575940629609457,720575940623113752,94443,58832,1,-1,-1
720575940629609457,720575940631842360,94443,105779,3,-1,-3
720575940629609457,720575940621371045,94443,48838,3,-1,-3
720575940629609457,720575940618444473,94443,35141,1,-1,-1
720575940629609457,720575940620023686,94443,41504,1,-1,-1
720575940629609457,720575940635684762,94443,118536,1,-1,-1
720575940629609457,720575940604088288,94443,472,2,-1,-2
720575940629614953,720575940628406538,94470,88104,2,-1,-2
720575940629614953,720575940627497244,94470,82815,21,-1,-21
720575940629614953,720575940622516852,94470,55498,2,-1,-2
720575940629614953,720575940623475324,94470,60985,3,-1,-3
720575940629614953,720575940621148948,94470,47604,2,-1,-2
720575940629614953,720575940640736371,94470,129880,782,-1,-782
720575940629614953,720575940614710509,94470,21291,1,-1,-1
720575940629614953,720575940650935673,94470,136978,258,-1,-258
720575940629614953,720575940640851363,94470,130107,14,-1,-14
720575940629614953,720575940621371045,94470,48838,1,-1,-1
720575940629614953,720575940645693988,94470,134541,3,-1,-3
720575940629614953,720575940630006521,94470,96463,3,-1,-3
720575940629614953,720575940628082053,94470,86153,153,-1,-153
720575940629614953,720575940619055617,94470,37633,2,-1,-2
720575940629614953,720575940621522624,94470,49701,2,-1,-2
720575940629614953,720575940621195290,94470,47847,1,-1,-1
720575940629614953,720575940627250238,94470,81300,1,-1,-1
720575940629614953,720575940628307026,94470,87447,1,-1,-1
720575940629614953,720575940632821352,94470,110191,8,-1,-8
720575940630006521,720575940624973831,96463,69145,2,1,2
720575940630006521,720575940626044942,96463,74593,20,1,20
720575940630006521,720575940621195290,96463,47847,2,1,2
720575940630006521,720575940618987600,96463,37365,2,1,2
720575940630006521,720575940613455986,96463,17428,2,1,2
720575940630006521,720575940622364854,96463,54686,9,1,9
720575940630006521,720575940610505006,96463,9313,3,1,3
720575940630006521,720575940615723314,96463,24792,2,1,2
720575940630006521,720575940628592968,96463,89117,1,1,1
720575940630006521,720575940627796298,96463,84472,1,1,1
720575940630006521,720575940650416505,96463,136795,2,1,2
720575940630006521,720575940613065130,96463,16213,6,1,6
720575940630006521,720575940608545219,96463,6128,13,1,13
720575940630006521,720575940638900713,96463,125852,214,1,214
720575940630006521,720575940617691734,96463,31898,10,1,10
720575940630006521,720575940632777320,96463,109989,5,1,5
720575940630006521,720575940623475324,96463,60985,27,1,27
720575940630006521,720575940616733323,96463,28259,2,1,2
720575940630006521,720575940640834211,96463,130068,32,1,32
720575940630006521,720575940625357547,96463,71057,2,1,2
720575940630006521,720575940626783065,96463,78311,4,1,4
720575940630006521,720575940637547365,96463,122752,32,1,32
720575940630006521,720575940625525740,96463,71912,3,1,3
720575940630006521,720575940629609457,96463,94443,168,1,168
720575940630006521,720575940640736371,96463,129880,1,1,1
720575940630006521,720575940626977947,96463,79515,1,1,1
720575940630006521,720575940629513478,96463,93983,3,1,3
720575940630006521,720575940619615552,96463,39669,3,1,3
720575940630006521,720575940609258850,96463,7131,5,1,5
720575940630006521,720575940650935673,96463,136978,3,1,3
720575940630006521,720575940624377224,96463,66072,4,1,4
720575940630006521,720575940625102224,96463,69919,11,1,11
720575940630006521,720575940640851363,96463,130107,6,1,6
720575940630006521,720575940616736198,96463,28268,1,1,1
720575940630006521,720575940614614495,96463,20921,1,1,1
720575940630006521,720575940623113752,96463,58832,1,1,1
720575940630006521,720575940627996285,96463,85630,8,1,8
720575940630006521,720575940621371045,96463,48838,37,1,37
720575940630006521,720575940623413116,96463,60591,3,1,3
720575940630006521,720575940644702112,96463,133436,1,1,1
720575940630006521,720575940604088288,96463,472,1,1,1
720575940630006521,720575940639172585,96463,126538,2,1,2
720575940630085583,720575940626044942,96843,74593,4,1,4
720575940630085583,720575940631517251,96843,104365,5,1,5
720575940630085583,720575940604737708,96843,904,264,1,264
720575940630085583,720575940627253604,96843,81321,28,1,28
720575940630085583,720575940621619627,96843,50303,1,1,1
720575940630085583,720575940645693988,96843,134541,3,1,3
720575940630085583,720575940632777320,96843,109989,6,1,6
720575940630085583,720575940635202204,96843,117221,126,1,126
720575940630085583,720575940628082053,96843,86153,1,1,1
720575940630085583,720575940612603289,96843,14630,22,1,22
720575940630085583,720575940633556644,96843,112815,3,1,3
720575940630085583,720575940638668659,96843,125328,3,1,3
720575940630085583,720575940628154364,96843,86580,44,1,44
720575940630204155,720575940620918789,97451,46248,3,-1,-3
720575940630204155,720575940631517251,97451,104365,1,-1,-1
720575940630204155,720575940618987600,97451,37365,2,-1,-2
720575940630204155,720575940627497244,97451,82815,19,-1,-19
720575940630204155,720575940629614953,97451,94470,4,-1,-4
720575940630204155,720575940645693988,97451,134541,1,-1,-1
720575940630204155,720575940623475324,97451,60985,1,-1,-1
720575940630204155,720575940630006521,97451,96463,1,-1,-1
720575940630204155,720575940621148948,97451,47604,9,-1,-9
720575940630204155,720575940626783065,97451,78311,1,-1,-1
720575940630204155,720575940628154364,97451,86580,5,-1,-5
720575940630204155,720575940627250238,97451,81300,2,-1,-2
720575940630204155,720575940640736371,97451,129880,7,-1,-7
720575940630407388,720575940632403986,98466,108296,28,1,28
720575940630407388,720575940614956072,98466,22143,104,1,104
720575940630407388,720575940615366055,98466,23582,66,1,66
720575940630407388,720575940609460491,98466,7499,24,1,24
720575940630407388,720575940640803200,98466,130032,10,1,10
720575940630407388,720575940605758142,98466,2179,10,1,10
720575940630407388,720575940603464672,98466,202,71,1,71
720575940630407388,720575940619071005,98466,37714,67,1,67
720575940630407388,720575940634545890,98466,115447,32,1,32
720575940630407388,720575940624879911,98466,68599,6,1,6
720575940630407388,720575940621529435,98466,49729,53,1,53
720575940630407388,720575940637594334,98466,122856,28,1,28
720575940630407388,720575940609282825,98466,7178,57,1,57
720575940630407388,720575940622726271,98466,56643,149,1,149
720575940630407388,720575940633294796,98466,111976,2,1,2
720575940630407388,720575940623636701,98466,61846,8,1,8
720575940630407388,720575940629461442,98466,93663,11,1,11
720575940630407388,720575940635983770,98466,119328,45,1,45
720575940630487035,720575940637902938,98881,123598,62,1,62
720575940630487035,720575940627253604,98881,81321,23,1,23
720575940630487035,720575940635202204,98881,117221,23,1,23
720575940630487035,720575940620802836,98881,45589,8,1,8
720575940630487035,720575940621148948,98881,47604,86,1,86
720575940630487035,720575940633556644,98881,112815,87,1,87
720575940630487035,720575940628346634,98881,87693,1,1,1
720575940630496374,720575940628695043,98925,89673,169,-1,-169
720575940630496374,720575940637902938,98925,123598,11,-1,-11
720575940630496374,720575940631103744,98925,102264,18,-1,-18
720575940630496374,720575940621457690,98925,49360,18,-1,-18
720575940630496374,720575940638028607,98925,123856,1,-1,-1
720575940630496374,720575940623387786,98925,60448,2,-1,-2
720575940630496374,720575940620975696,98925,46609,79,-1,-79
720575940630496374,720575940624547622,98925,66912,66,-1,-66
720575940630770042,720575940623788040,100454,62586,95,1,95
720575940630770042,720575940632403986,100454,108296,2,1,2
720575940630770042,720575940616169578,100454,26371,52,1,52
720575940630770042,720575940635119723,100454,116937,1,1,1
720575940630770042,720575940623636701,100454,61846,2,1,2
720575940630770042,720575940638128474,100454,124101,65,1,65
720575940630770042,720575940611379569,100454,11164,20,1,20
720575940630770042,720575940632795532,100454,110077,12,1,12
720575940630770042,720575940635945919,100454,119222,1,1,1
720575940630770042,720575940623528925,100454,61301,81,1,81
720575940630770042,720575940611079236,100454,10480,1,1,1
720575940630770042,720575940618308825,100454,34586,1,1,1
720575940630770042,720575940623000858,100454,58146,8,1,8
720575940630770042,720575940636489140,100454,120390,1,1,1
720575940630770042,720575940613590501,100454,17854,269,1,269
720575940630770042,720575940618757666,100454,36451,206,1,206
720575940630770042,720575940624547622,100454,66912,42,1,42
720575940630770042,720575940634707863,100454,115866,74,1,74
720575940630810306,720575940629513222,100681,93981,904,-1,-904
720575940630810306,720575940637689486,100681,123135,17,-1,-17
720575940630810306,720575940625000200,100681,69303,37,-1,-37
720575940630810306,720575940615743650,100681,24869,22,-1,-22
720575940630810306,720575940631999685,100681,106501,695,-1,-695
720575940630810306,720575940631147776,100681,102498,20,-1,-20
720575940630810306,720575940627502338,100681,82843,31,-1,-31
720575940630810306,720575940631180599,100681,102668,3,-1,-3
720575940630810306,720575940619991862,100681,41335,542,-1,-542
720575940631023159,720575940628406538,101848,88104,3,1,3
720575940631023159,720575940628592968,101848,89117,44,1,44
720575940631023159,720575940627497244,101848,82815,1,1,1
720575940631023159,720575940613065130,101848,16213,1,1,1
720575940631023159,720575940608545219,101848,6128,8,1,8
720575940631023159,720575940619055617,101848,37633,3,1,3
720575940631023159,720575940633893401,101848,113894,16,1,16
720575940631023159,720575940637547365,101848,122752,1,1,1
720575940631023159,720575940629609457,101848,94443,23,1,23
720575940631023159,720575940627250238,101848,81300,1,1,1
720575940631023159,720575940628200551,101848,86814,2,1,2
720575940631023159,720575940640736371,101848,129880,1,1,1
720575940631023159,720575940629513478,101848,93983,3,1,3
720575940631023159,720575940625102224,101848,69919,12,1,12
720575940631023159,720575940640851363,101848,130107,1,1,1
720575940631023159,720575940615028143,101848,22366,1,1,1
720575940631023159,720575940616736198,101848,28268,10,1,10
720575940631023159,720575940627604977,101848,83388,80,1,80
720575940631023159,720575940635684762,101848,118536,3,1,3
720575940631103744,720575940628695043,102264,89673,83,1,83
720575940631103744,720575940637902938,102264,123598,1,1,1
720575940631103744,720575940613583001,102264,17837,1,1,1
720575940631103744,720575940620464321,102264,43601,2,1,2
720575940631103744,720575940621457690,102264,49360,1,1,1
720575940631103744,720575940637098352,102264,121757,1,1,1
720575940631103744,720575940623636957,102264,61850,3,1,3
720575940631103744,720575940628455942,102264,88385,73,1,73
720575940631103744,720575940621040737,102264,46961,3,1,3
720575940631103744,720575940630496374,102264,98925,1,1,1
720575940631103744,720575940623387786,102264,60448,83,1,83
720575940631103744,720575940636489140,102264,120390,4,1,4
720575940631103744,720575940625741287,102264,72956,1,1,1
720575940631103744,720575940620975696,102264,46609,1,1,1
720575940631103744,720575940633626337,102264,113066,1,1,1
720575940631103744,720575940624547622,102264,66912,3,1,3
720575940631103744,720575940619134789,102264,37974,88,1,88
720575940631147776,720575940629513222,102498,93981,462,-1,-462
720575940631147776,720575940637689486,102498,123135,8,-1,-8
720575940631147776,720575940625000200,102498,69303,30,-1,-30
720575940631147776,720575940615743650,102498,24869,38,-1,-38
720575940631147776,720575940628908548,102498,90883,2,-1,-2
720575940631147776,720575940636543668,102498,120535,2,-1,-2
720575940631147776,720575940630810306,102498,100681,28,-1,-28
720575940631147776,720575940636611576,102498,120706,1,-1,-1
720575940631147776,720575940631999685,102498,106501,2,-1,-2
720575940631147776,720575940627502338,102498,82843,1,-1,-1
720575940631147776,720575940631180599,102498,102668,2,-1,-2
720575940631147776,720575940619991862,102498,41335,12,-1,-12
720575940631147776,720575940632427603,102498,108438,1,-1,-1
720575940631180599,720575940631306284,102668,103357,192,1,192
720575940631180599,720575940633305681,102668,112021,1,1,1
720575940631180599,720575940631945815,102668,106213,1,1,1
720575940631180599,720575940640834211,102668,130068,13,1,13
720575940631180599,720575940629513222,102668,93981,20,1,20
720575940631180599,720575940628038808,102668,85900,1,1,1
720575940631180599,720575940626039996,102668,74562,58,1,58
720575940631180599,720575940627277242,102668,81468,1,1,1
720575940631180599,720575940637689486,102668,123135,3,1,3
720575940631180599,720575940644702112,102668,133436,2,1,2
720575940631180599,720575940639172585,102668,126538,4,1,4
720575940631180599,720575940623444044,102668,60791,263,1,263
720575940631180599,720575940615743650,102668,24869,18,1,18
720575940631180599,720575940625049781,102668,69626,1,1,1
720575940631180599,720575940623133097,102668,58953,15,1,15
720575940631180599,720575940628908548,102668,90883,15,1,15
720575940631180599,720575940636543668,102668,120535,2,1,2
720575940631180599,720575940625525740,102668,71912,1,1,1
720575940631180599,720575940606692542,102668,3686,15,1,15
720575940631180599,720575940625550823,102668,72015,1,1,1
720575940631180599,720575940630810306,102668,100681,15,1,15
720575940631180599,720575940625952755,102668,74067,63,1,63
720575940631180599,720575940607635913,102668,4898,3,1,3
720575940631180599,720575940626403917,102668,76326,10,1,10
720575940631180599,720575940636611576,102668,120706,3,1,3
720575940631180599,720575940631147776,102668,102498,4,1,4
720575940631180599,720575940627502338,102668,82843,6,1,6
720575940631180599,720575940608235186,102668,5712,1,1,1
720575940631180599,720575940626044942,102668,74593,1,1,1
720575940631180599,720575940631190016,102668,102727,3,1,3
720575940631180599,720575940619991862,102668,41335,2,1,2
720575940631180599,720575940626783065,102668,78311,1,1,1
720575940631180599,720575940609137500,102668,6936,2,1,2
720575940631180599,720575940635089945,102668,116843,3,1,3
720575940631180599,720575940622523508,102668,55547,6,1,6
720575940631180599,720575940628069501,102668,86059,4,1,4
720575940631180599,720575940621393172,102668,48970,55,1,55
720575940631180599,720575940618444473,102668,35141,1,1,1
720575940631190016,720575940628908548,102727,90883,12,1,12
720575940631190016,720575940636543668,102727,120535,3,1,3
720575940631190016,720575940606692542,102727,3686,3,1,3
720575940631190016,720575940632777320,102727,109989,2,1,2
720575940631190016,720575940627277242,102727,81468,1,1,1
720575940631190016,720575940639172585,102727,126538,3,1,3
720575940631190016,720575940623444044,102727,60791,14,1,14
720575940631190016,720575940633176204,102727,111486,1,1,1
720575940631190016,720575940631180599,102727,102668,272,1,272
720575940631190016,720575940616534338,102727,27609,2,1,2
720575940631190016,720575940629513222,102727,93981,13,1,13
720575940631190016,720575940626039996,102727,74562,603,1,603
720575940631190016,720575940627253604,102727,81321,1,1,1
720575940631190016,720575940625550823,102727,72015,4,1,4
720575940631190016,720575940626403917,102727,76326,38,1,38
720575940631190016,720575940626044942,102727,74593,2,1,2
720575940631190016,720575940635089945,102727,116843,3,1,3
720575940631190016,720575940621393172,102727,48970,634,1,634
720575940631190016,720575940631945815,102727,106213,5,1,5
720575940631190016,720575940623133097,102727,58953,4,1,4
720575940631190016,720575940625525740,102727,71912,1,1,1
720575940631190016,720575940628346634,102727,87693,2,1,2
720575940631306284,720575940629513222,103357,93981,21,-1,-21
720575940631306284,720575940628908548,103357,90883,208,-1,-208
720575940631306284,720575940636543668,103357,120535,2,-1,-2
720575940631306284,720575940631180599,103357,102668,3,-1,-3
720575940631306284,720575940635089945,103357,116843,1,-1,-1
720575940631306284,720575940622523508,103357,55547,4,-1,-4
720575940631517251,720575940620918789,104365,46248,162,-1,-162
720575940631517251,720575940618807454,104365,36647,1,-1,-1
720575940631517251,720575940627253604,104365,81321,3,-1,-3
720575940631517251,720575940635202204,104365,117221,1,-1,-1
720575940631517251,720575940620802836,104365,45589,3,-1,-3
720575940631517251,720575940633556644,104365,112815,7,-1,-7
720575940631517251,720575940630204155,104365,97451,48,-1,-48
720575940631517251,720575940638668659,104365,125328,3,-1,-3
720575940631517251,720575940630085583,104365,96843,1,-1,-1
720575940631842360,720575940638900713,105779,125852,1,-1,-1
720575940631842360,720575940647436835,105779,135864,1,-1,-1
720575940631842360,720575940628865644,105779,90648,4,-1,-4
720575940631842360,720575940606149321,105779,2860,6,-1,-6
720575940631842360,720575940621689727,105779,50739,4,-1,-4
720575940631842360,720575940617257985,105779,30179,4,-1,-4
720575940631842360,720575940614710509,105779,21291,3,-1,-3
720575940631842360,720575940629513478,105779,93983,3,-1,-3
720575940631842360,720575940624377224,105779,66072,9,-1,-9
720575940631842360,720575940627604977,105779,83388,1,-1,-1
720575940631842360,720575940604569824,105779,750,4,-1,-4
720575940631842360,720575940614614495,105779,20921,1,-1,-1
720575940631842360,720575940623413116,105779,60591,1,-1,-1
720575940631842360,720575940635684762,105779,118536,1,-1,-1
720575940631842360,720575940604088288,105779,472,12,-1,-12
720575940631842360,720575940608545219,105779,6128,6,-1,-6
720575940631842360,720575940618932763,105779,37128,6,-1,-6
720575940631842360,720575940622726271,105779,56643,1,-1,-1
720575940631842360,720575940625102224,105779,69919,1,-1,-1
720575940631842360,720575940621195290,105779,47847,7,-1,-7
720575940631842360,720575940610505006,105779,9313,266,-1,-266
720575940631842360,720575940615723314,105779,24792,4,-1,-4
720575940631842360,720575940650416505,105779,136795,1,-1,-1
720575940631842360,720575940626848275,105779,78706,1,-1,-1
720575940631842360,720575940633893401,105779,113894,14,-1,-14
720575940631842360,720575940629437054,105779,93547,22,-1,-22
720575940631842360,720575940628200551,105779,86814,2,-1,-2
720575940631842360,720575940619615552,105779,39669,5,-1,-5
720575940631842360,720575940635983770,105779,119328,1,-1,-1
720575940631945815,720575940608181122,106213,5629,664,1,664
720575940631945815,720575940626039996,106213,74562,7,1,7
720575940631945815,720575940627277242,106213,81468,1,1,1
720575940631945815,720575940639172585,106213,126538,1,1,1
720575940631945815,720575940623444044,106213,60791,2,1,2
720575940631945815,720575940623133097,106213,58953,3,1,3
720575940631945815,720575940612976497,106213,15923,1,1,1
720575940631945815,720575940626403917,106213,76326,663,1,663
720575940631945815,720575940627502338,106213,82843,1,1,1
720575940631945815,720575940631180599,106213,102668,4,1,4
720575940631945815,720575940616534338,106213,27609,1,1,1
720575940631945815,720575940631190016,106213,102727,4,1,4
720575940631945815,720575940635089945,106213,116843,3,1,3
720575940631945815,720575940621393172,106213,48970,9,1,9
720575940631999685,720575940626044942,106501,74593,14,1,14
720575940631999685,720575940615743650,106501,24869,15,1,15
720575940631999685,720575940604737708,106501,904,3,1,3
720575940631999685,720575940639209956,106501,126635,211,1,211
720575940631999685,720575940631190016,106501,102727,9,1,9
720575940631999685,720575940627706398,106501,83920,222,1,222
720575940631999685,720575940645693988,106501,134541,5,1,5
720575940631999685,720575940632777320,106501,109989,18,1,18
720575940631999685,720575940619991862,106501,41335,121,1,121
720575940631999685,720575940629513222,106501,93981,76,1,76
720575940631999685,720575940628038808,106501,85900,13,1,13
720575940631999685,720575940631147776,106501,102498,3,1,3
720575940631999685,720575940627502338,106501,82843,4,1,4
720575940631999685,720575940628082053,106501,86153,1,1,1
720575940631999685,720575940630810306,106501,100681,21,1,21
720575940631999685,720575940625000200,106501,69303,20,1,20
720575940632069583,720575940612976497,106827,15923,5,-1,-5
720575940632080977,720575940626044942,106885,74593,3,1,3
720575940632080977,720575940618987600,106885,37365,2,1,2
720575940632080977,720575940635119723,106885,116937,1,1,1
720575940632080977,720575940615723314,106885,24792,1,1,1
720575940632080977,720575940627796298,106885,84472,55,1,55
720575940632080977,720575940608545219,106885,6128,3,1,3
720575940632080977,720575940638900713,106885,125852,1,1,1
720575940632080977,720575940626848275,106885,78706,17,1,17
720575940632080977,720575940618932763,106885,37128,1,1,1
720575940632080977,720575940616733323,106885,28259,13,1,13
720575940632080977,720575940640834211,106885,130068,2,1,2
720575940632080977,720575940621640363,106885,50424,1,1,1
720575940632080977,720575940626783065,106885,78311,2,1,2
720575940632080977,720575940637547365,106885,122752,1,1,1
720575940632080977,720575940612264817,106885,13536,2,1,2
720575940632080977,720575940619918203,106885,40992,1,1,1
720575940632080977,720575940626246525,106885,75529,2,1,2
720575940632080977,720575940629609457,106885,94443,3,1,3
720575940632080977,720575940635089945,106885,116843,40,1,40
720575940632080977,720575940623957173,106885,63536,32,1,32
720575940632080977,720575940614710509,106885,21291,17,1,17
720575940632080977,720575940629513478,106885,93983,1,1,1
720575940632080977,720575940619615552,106885,39669,2,1,2
720575940632080977,720575940609258850,106885,7131,2,1,2
720575940632080977,720575940624377224,106885,66072,1,1,1
720575940632080977,720575940616736198,106885,28268,2,1,2
720575940632080977,720575940618321364,106885,34640,93,1,93
720575940632080977,720575940623113752,106885,58832,19,1,19
720575940632080977,720575940619148829,106885,38032,3,1,3
720575940632080977,720575940631842360,106885,105779,1,1,1
720575940632080977,720575940610584184,106885,9455,43,1,43
720575940632080977,720575940618444473,106885,35141,2,1,2
720575940632311115,720575940628406538,107839,88104,1,1,1
720575940632311115,720575940637098352,107839,121757,9,1,9
720575940632311115,720575940623475324,107839,60985,3,1,3
720575940632311115,720575940621640363,107839,50424,1,1,1
720575940632311115,720575940621689727,107839,50739,3,1,3
720575940632311115,720575940617257985,107839,30179,1,1,1
720575940632311115,720575940634854554,107839,116223,1,1,1
720575940632311115,720575940614710509,107839,21291,19,1,19
720575940632311115,720575940624377224,107839,66072,14,1,14
720575940632311115,720575940644702112,107839,133436,3,1,3
720575940632311115,720575940614137809,107839,19409,12,1,12
720575940632311115,720575940625525740,107839,71912,2,1,2
720575940632311115,720575940612976497,107839,15923,2,1,2
720575940632311115,720575940623413116,107839,60591,5,1,5
720575940632311115,720575940632777320,107839,109989,7,1,7
720575940632311115,720575940612264817,107839,13536,10,1,10
720575940632311115,720575940626462014,107839,76592,1,1,1
720575940632311115,720575940625102224,107839,69919,16,1,16
720575940632311115,720575940644632087,107839,133341,9,1,9
720575940632311115,720575940633556644,107839,112815,4,1,4
720575940632311115,720575940628895750,107839,90809,1,1,1
720575940632311115,720575940626044942,107839,74593,3,1,3
720575940632311115,720575940631517251,107839,104365,12,1,12
720575940632311115,720575940615723314,107839,24792,1,1,1
720575940632311115,720575940632689199,107839,109569,1,1,1
720575940632311115,720575940616551029,107839,27687,31,1,31
720575940632311115,720575940635089945,107839,116843,12,1,12
720575940632311115,720575940623113752,107839,58832,1,1,1
720575940632403986,720575940614956072,108296,22143,17,1,17
720575940632403986,720575940623000858,108296,58146,52,1,52
720575940632403986,720575940615366055,108296,23582,18,1,18
720575940632403986,720575940624057853,108296,64139,22,1,22
720575940632403986,720575940618757666,108296,36451,25,1,25
720575940632403986,720575940623788040,108296,62586,23,1,23
720575940632403986,720575940616169578,108296,26371,165,1,165
720575940632403986,720575940648650884,108296,136417,20,1,20
720575940632403986,720575940630407388,108296,98466,229,1,229
720575940632403986,720575940609460491,108296,7499,5,1,5
720575940632403986,720575940640803200,108296,130032,20,1,20
720575940632403986,720575940605758142,108296,2179,22,1,22
720575940632403986,720575940635945919,108296,119222,13,1,13
720575940632403986,720575940603464672,108296,202,7,1,7
720575940632403986,720575940618308825,108296,34586,42,1,42
720575940632403986,720575940613590501,108296,17854,19,1,19
720575940632403986,720575940619071005,108296,37714,47,1,47
720575940632403986,720575940634545890,108296,115447,101,1,101
720575940632403986,720575940628467611,108296,88453,38,1,38
720575940632403986,720575940624879911,108296,68599,1,1,1
720575940632403986,720575940621529435,108296,49729,7,1,7
720575940632403986,720575940611379569,108296,11164,184,1,184
720575940632403986,720575940630770042,108296,100454,57,1,57
720575940632403986,720575940637594334,108296,122856,14,1,14
720575940632403986,720575940609282825,108296,7178,77,1,77
720575940632403986,720575940623528925,108296,61301,14,1,14
720575940632403986,720575940622726271,108296,56643,41,1,41
720575940632403986,720575940633294796,108296,111976,155,1,155
720575940632403986,720575940623636701,108296,61846,68,1,68
720575940632403986,720575940638128474,108296,124101,16,1,16
720575940632403986,720575940632795532,108296,110077,47,1,47
720575940632403986,720575940611079236,108296,10480,17,1,17
720575940632403986,720575940637056887,108296,121664,6,1,6
720575940632403986,720575940635983770,108296,119328,24,1,24
720575940632427603,720575940639209956,108438,126635,13,1,13
720575940632427603,720575940634612194,108438,115594,175,1,175
720575940632427603,720575940631190016,108438,102727,16,1,16
720575940632427603,720575940627706398,108438,83920,8,1,8
720575940632427603,720575940632504874,108438,108774,8,1,8
720575940632427603,720575940631945815,108438,106213,1,1,1
720575940632427603,720575940627190556,108438,80928,12,1,12
720575940632427603,720575940625525740,108438,71912,5,1,5
720575940632427603,720575940629382150,108438,93253,33,1,33
720575940632427603,720575940628307026,108438,87447,96,1,96
720575940632427603,720575940628038808,108438,85900,24,1,24
720575940632427603,720575940631147776,108438,102498,291,1,291
720575940632427603,720575940627502338,108438,82843,323,1,323
720575940632427603,720575940620008758,108438,41414,1,1,1
720575940632427603,720575940627996285,108438,85630,8,1,8
720575940632427603,720575940630085583,108438,96843,1,1,1
720575940632469290,720575940610505006,108631,9313,67,-1,-67
720575940632469290,720575940626848275,108631,78706,116,-1,-116
720575940632469290,720575940633893401,108631,113894,75,-1,-75
720575940632469290,720575940618932763,108631,37128,9,-1,-9
720575940632469290,720575940632777320,108631,109989,1,-1,-1
720575940632469290,720575940629437054,108631,93547,8,-1,-8
720575940632469290,720575940635202204,108631,117221,3,-1,-3
720575940632469290,720575940621689727,108631,50739,1,-1,-1
720575940632469290,720575940604470240,108631,676,7,-1,-7
720575940632469290,720575940618165393,108631,33912,21,-1,-21
720575940632469290,720575940623432918,108631,60699,1,-1,-1
720575940632469290,720575940629513478,108631,93983,1,-1,-1
720575940632469290,720575940615255603,108631,23215,3,-1,-3
720575940632469290,720575940631842360,108631,105779,4,-1,-4
720575940632469290,720575940604088288,108631,472,15,-1,-15
720575940632504874,720575940622516852,108774,55498,3,-1,-3
720575940632504874,720575940629382150,108774,93253,29,-1,-29
720575940632504874,720575940636543668,108774,120535,1,-1,-1
720575940632504874,720575940623888397,108774,63126,6,-1,-6
720575940632504874,720575940634612194,108774,115594,706,-1,-706
720575940632504874,720575940627706398,108774,83920,24,-1,-24
720575940632504874,720575940627190556,108774,80928,5,-1,-5
720575940632504874,720575940639209956,108774,126635,36,-1,-36
720575940632504874,720575940628307026,108774,87447,1297,-1,-1297
720575940632504874,720575940632427603,108774,108438,991,-1,-991
720575940632504874,720575940620008758,108774,41414,66,-1,-66
720575940632689199,720575940633305681,109569,112021,11,-1,-11
720575940632689199,720575940625952755,109569,74067,112,-1,-112
720575940632689199,720575940607635913,109569,4898,49,-1,-49
720575940632689199,720575940643255693,109569,132192,17,-1,-17
720575940632689199,720575940624225741,109569,65148,6,-1,-6
720575940632689199,720575940624258857,109569,65344,10,-1,-10
720575940632689199,720575940619918203,109569,40992,1,-1,-1
720575940632689199,720575940622523508,109569,55547,1,-1,-1
720575940632777320,720575940638900713,109989,125852,2,1,2
720575940632777320,720575940635202204,109989,117221,1,1,1
720575940632777320,720575940626848275,109989,78706,1,1,1
720575940632777320,720575940627996285,109989,85630,9,1,9
720575940632777320,720575940645693988,109989,134541,1,1,1
720575940632777320,720575940606149321,109989,2860,1,1,1
720575940632777320,720575940608181122,109989,5629,1,1,1
720575940632777320,720575940628038808,109989,85900,1,1,1
720575940632777320,720575940629513478,109989,93983,2,1,2
720575940632777320,720575940632069583,109989,106827,1,1,1
720575940632777320,720575940613065130,109989,16213,1,1,1
720575940632777320,720575940631842360,109989,105779,1,1,1
720575940632777320,720575940626044942,109989,74593,13,1,13
720575940632777320,720575940615723314,109989,24792,1,1,1
720575940632777320,720575940631945815,109989,106213,1,1,1
720575940632777320,720575940625525740,109989,71912,5,1,5
720575940632777320,720575940612976497,109989,15923,1,1,1
720575940632777320,720575940634638562,109989,115673,4,1,4
720575940632795532,720575940632403986,110077,108296,45,-1,-45
720575940632795532,720575940623000858,110077,58146,20,-1,-20
720575940632795532,720575940624057853,110077,64139,5,-1,-5
720575940632795532,720575940618757666,110077,36451,531,-1,-531
720575940632795532,720575940623788040,110077,62586,715,-1,-715
720575940632795532,720575940616169578,110077,26371,328,-1,-328
720575940632795532,720575940648650884,110077,136417,70,-1,-70
720575940632795532,720575940635945919,110077,119222,67,-1,-67
720575940632795532,720575940618308825,110077,34586,50,-1,-50
720575940632795532,720575940613590501,110077,17854,497,-1,-497
720575940632795532,720575940628467611,110077,88453,46,-1,-46
720575940632795532,720575940624879911,110077,68599,7,-1,-7
720575940632795532,720575940611379569,110077,11164,385,-1,-385
720575940632795532,720575940630770042,110077,100454,35,-1,-35
720575940632795532,720575940623528925,110077,61301,21,-1,-21
720575940632795532,720575940623636701,110077,61846,43,-1,-43
720575940632795532,720575940638128474,110077,124101,785,-1,-785
720575940632795532,720575940611079236,110077,10480,11,-1,-11
720575940632795532,720575940637056887,110077,121664,17,-1,-17
720575940632821352,720575940628406538,110191,88104,9,-1,-9
720575940632821352,720575940627497244,110191,82815,39,-1,-39
720575940632821352,720575940617691734,110191,31898,1,-1,-1
720575940632821352,720575940640736371,110191,129880,27,-1,-27
720575940632821352,720575940614710509,110191,21291,2,-1,-2
720575940632821352,720575940650935673,110191,136978,15,-1,-15
720575940632821352,720575940640851363,110191,130107,8,-1,-8
720575940632821352,720575940614614495,110191,20921,12,-1,-12
720575940632821352,720575940631023159,110191,101848,52,-1,-52
720575940632821352,720575940629614953,110191,94470,2,-1,-2
720575940632821352,720575940619055617,110191,37633,9,-1,-9
720575940632821352,720575940621522624,110191,49701,8,-1,-8
720575940632821352,720575940621195290,110191,47847,35,-1,-35
720575940632821352,720575940628592968,110191,89117,9,-1,-9
720575940632821352,720575940627250238,110191,81300,3,-1,-3
720575940632821352,720575940615028143,110191,22366,208,-1,-208
720575940633176204,720575940633305681,111486,112021,4,-1,-4
720575940633176204,720575940626039996,111486,74562,12,-1,-12
720575940633176204,720575940644702112,111486,133436,3,-1,-3
720575940633176204,720575940623444044,111486,60791,17,-1,-17
720575940633176204,720575940625952755,111486,74067,23,-1,-23
720575940633176204,720575940621103239,111486,47334,4,-1,-4
720575940633176204,720575940607635913,111486,4898,1,-1,-1
720575940633176204,720575940643255693,111486,132192,1,-1,-1
720575940633176204,720575940624225741,111486,65148,2,-1,-2
720575940633176204,720575940608235186,111486,5712,1,-1,-1
720575940633176204,720575940624258857,111486,65344,5,-1,-5
720575940633176204,720575940619918203,111486,40992,6,-1,-6
720575940633176204,720575940606696369,111486,3692,80,-1,-80
720575940633176204,720575940628069501,111486,86059,2,-1,-2
720575940633176204,720575940621393172,111486,48970,12,-1,-12
720575940633176204,720575940613783277,111486,18478,154,-1,-154
720575940633294796,720575940632403986,111976,108296,16,1,16
720575940633294796,720575940614956072,111976,22143,87,1,87
720575940633294796,720575940615366055,111976,23582,7,1,7
720575940633294796,720575940609460491,111976,7499,11,1,11
720575940633294796,720575940640803200,111976,130032,21,1,21
720575940633294796,720575940605758142,111976,2179,3,1,3
720575940633294796,720575940603464672,111976,202,31,1,31
720575940633294796,720575940619071005,111976,37714,43,1,43
720575940633294796,720575940634545890,111976,115447,39,1,39
720575940633294796,720575940624879911,111976,68599,33,1,33
720575940633294796,720575940621529435,111976,49729,41,1,41
720575940633294796,720575940637594334,111976,122856,36,1,36
720575940633294796,720575940609282825,111976,7178,50,1,50
720575940633294796,720575940622726271,111976,56643,95,1,95
720575940633294796,720575940623636701,111976,61846,16,1,16
720575940633294796,720575940629461442,111976,93663,14,1,14
720575940633294796,720575940635983770,111976,119328,66,1,66
720575940633305681,720575940613455986,112021,17428,4,1,4
720575940633305681,720575940626309562,112021,75832,1,1,1
720575940633305681,720575940644702112,112021,133436,83,1,83
720575940633305681,720575940639172585,112021,126538,2,1,2
720575940633305681,720575940628154364,112021,86580,1,1,1
720575940633305681,720575940633176204,112021,111486,2,1,2
720575940633305681,720575940625952755,112021,74067,380,1,380
720575940633305681,720575940621103239,112021,47334,8,1,8
720575940633305681,720575940607635913,112021,4898,3,1,3
720575940633305681,720575940605899692,112021,2455,2,1,2
720575940633305681,720575940636611576,112021,120706,37,1,37
720575940633305681,720575940631180599,112021,102668,1,1,1
720575940633305681,720575940643255693,112021,132192,5,1,5
720575940633305681,720575940624225741,112021,65148,20,1,20
720575940633305681,720575940624258857,112021,65344,9,1,9
720575940633305681,720575940620023686,112021,41504,6,1,6
720575940633305681,720575940632689199,112021,109569,50,1,50
720575940633305681,720575940625357547,112021,71057,1,1,1
720575940633305681,720575940609137500,112021,6936,25,1,25
720575940633305681,720575940619918203,112021,40992,1,1,1
720575940633305681,720575940606696369,112021,3692,1,1,1
720575940633305681,720575940622523508,112021,55547,18,1,18
720575940633305681,720575940628069501,112021,86059,331,1,331
720575940633556644,720575940631517251,112815,104365,27,-1,-27
720575940633556644,720575940604737708,112815,904,216,-1,-216
720575940633556644,720575940631103744,112815,102264,1,-1,-1
720575940633556644,720575940635202204,112815,117221,4,-1,-4
720575940633556644,720575940612603289,112815,14630,88,-1,-88
720575940633556644,720575940638668659,112815,125328,1,-1,-1
720575940633556644,720575940630085583,112815,96843,228,-1,-228
720575940633556644,720575940630487035,112815,98881,5,-1,-5
720575940633556644,720575940628154364,112815,86580,91,-1,-91
720575940633626337,720575940640031360,113066,128444,9,-1,-9
720575940633626337,720575940615366055,113066,23582,72,-1,-72
720575940633626337,720575940619134789,113066,37974,60,-1,-60
720575940633626337,720575940614137809,113066,19409,8,-1,-8
720575940633626337,720575940631103744,113066,102264,10,-1,-10
720575940633626337,720575940609460491,113066,7499,24,-1,-24
720575940633626337,720575940619071005,113066,37714,105,-1,-105
720575940633626337,720575940613583001,113066,17837,82,-1,-82
720575940633626337,720575940624879911,113066,68599,2,-1,-2
720575940633626337,720575940622726271,113066,56643,12,-1,-12
720575940633626337,720575940621457690,113066,49360,4,-1,-4
720575940633626337,720575940623636957,113066,61850,7,-1,-7
720575940633626337,720575940635983770,113066,119328,6,-1,-6
720575940633787309,720575940618987600,113568,37365,1,1,1
720575940633787309,720575940635119723,113568,116937,7,1,7
720575940633787309,720575940625049781,113568,69626,1,1,1
720575940633787309,720575940627796298,113568,84472,6,1,6
720575940633787309,720575940621640363,113568,50424,23,1,23
720575940633787309,720575940625357547,113568,71057,3,1,3
720575940633787309,720575940626783065,113568,78311,5,1,5
720575940633787309,720575940612264817,113568,13536,20,1,20
720575940633787309,720575940626246525,113568,75529,1,1,1
720575940633787309,720575940635089945,113568,116843,5,1,5
720575940633787309,720575940634854554,113568,116223,17,1,17
720575940633787309,720575940637611365,113568,122896,26,1,26
720575940633787309,720575940644632087,113568,133341,26,1,26
720575940633787309,720575940623113752,113568,58832,2,1,2
720575940633787309,720575940610584184,113568,9455,10,1,10
720575940633787309,720575940618366843,113568,34813,48,1,48
720575940633893401,720575940610505006,113894,9313,28,1,28
720575940633893401,720575940615723314,113894,24792,1,1,1
720575940633893401,720575940608545219,113894,6128,7,1,7
720575940633893401,720575940626848275,113894,78706,6,1,6
720575940633893401,720575940618932763,113894,37128,4,1,4
720575940633893401,720575940629437054,113894,93547,35,1,35
720575940633893401,720575940635202204,113894,117221,13,1,13
720575940633893401,720575940606149321,113894,2860,13,1,13
720575940633893401,720575940621689727,113894,50739,1,1,1
720575940633893401,720575940618165393,113894,33912,4,1,4
720575940633893401,720575940626977947,113894,79515,4,1,4
720575940633893401,720575940629513478,113894,93983,3,1,3
720575940633893401,720575940619615552,113894,39669,1,1,1
720575940633893401,720575940625102224,113894,69919,1,1,1
720575940633893401,720575940625741287,113894,72956,3,1,3
720575940633893401,720575940631842360,113894,105779,4,1,4
720575940633893401,720575940621371045,113894,48838,8,1,8
720575940633893401,720575940632469290,113894,108631,250,1,250
720575940633893401,720575940622186305,113894,53582,19,1,19
720575940633893401,720575940604088288,113894,472,281,1,281
720575940634545890,720575940632403986,115447,108296,43,-1,-43
720575940634545890,720575940614956072,115447,22143,73,-1,-73
720575940634545890,720575940615366055,115447,23582,14,-1,-14
720575940634545890,720575940630407388,115447,98466,231,-1,-231
720575940634545890,720575940609460491,115447,7499,11,-1,-11
720575940634545890,720575940640803200,115447,130032,639,-1,-639
720575940634545890,720575940605758142,115447,2179,611,-1,-611
720575940634545890,720575940603464672,115447,202,12,-1,-12
720575940634545890,720575940619071005,115447,37714,11,-1,-11
720575940634545890,720575940624879911,115447,68599,30,-1,-30
720575940634545890,720575940621529435,115447,49729,11,-1,-11
720575940634545890,720575940637594334,115447,122856,36,-1,-36
720575940634545890,720575940609282825,115447,7178,36,-1,-36
720575940634545890,720575940622726271,115447,56643,71,-1,-71
720575940634545890,720575940633294796,115447,111976,307,-1,-307
720575940634545890,720575940623636701,115447,61846,30,-1,-30
720575940634545890,720575940629461442,115447,93663,4,-1,-4
720575940634545890,720575940635983770,115447,119328,80,-1,-80
720575940634612194,720575940622516852,115594,55498,10,-1,-10
720575940634612194,720575940629382150,115594,93253,83,-1,-83
720575940634612194,720575940632504874,115594,108774,448,-1,-448
720575940634612194,720575940629614953,115594,94470,5,-1,-5
720575940634612194,720575940627706398,115594,83920,1322,-1,-1322
720575940634612194,720575940626403917,115594,76326,1,-1,-1
720575940634612194,720575940627190556,115594,80928,518,-1,-518
720575940634612194,720575940639209956,115594,126635,1281,-1,-1281
720575940634612194,720575940628307026,115594,87447,165,-1,-165
720575940634612194,720575940632427603,115594,108438,142,-1,-142
720575940634612194,720575940620008758,115594,41414,14,-1,-14
720575940634638562,720575940632069583,115673,106827,2,-1,-2
720575940634638562,720575940612976497,115673,15923,4,-1,-4
720575940634707863,720575940614137809,115866,19409,6,-1,-6
720575940634707863,720575940648650884,115866,136417,5,-1,-5
720575940634707863,720575940631103744,115866,102264,6,-1,-6
720575940634707863,720575940623387786,115866,60448,43,-1,-43
720575940634707863,720575940618308825,115866,34586,25,-1,-25
720575940634707863,720575940628467611,115866,88453,2,-1,-2
720575940634707863,720575940630770042,115866,100454,89,-1,-89
720575940634707863,720575940623528925,115866,61301,65,-1,-65
720575940634707863,720575940636489140,115866,120390,1,-1,-1
720575940634707863,720575940621457690,115866,49360,2,-1,-2
720575940634707863,720575940611079236,115866,10480,25,-1,-25
720575940634707863,720575940624547622,115866,66912,83,-1,-83
720575940634707863,720575940637056887,115866,121664,1,-1,-1
720575940634854554,720575940613455986,116223,17428,1,-1,-1
720575940634854554,720575940625049781,116223,69626,2,-1,-2
720575940634854554,720575940621640363,116223,50424,3,-1,-3
720575940634854554,720575940612264817,116223,13536,1,-1,-1
720575940634854554,720575940626246525,116223,75529,1,-1,-1
720575940634854554,720575940633787309,116223,113568,105,-1,-105
720575940634854554,720575940644632087,116223,133341,11,-1,-11
720575940634854554,720575940623113752,116223,58832,1,-1,-1
720575940634854554,720575940610584184,116223,9455,1,-1,-1
720575940634854554,720575940618444473,116223,35141,7,-1,-7
720575940634854554,720575940618366843,116223,34813,22,-1,-22
720575940635089945,720575940631306284,116843,103357,30,-1,-30
720575940635089945,720575940613455986,116843,17428,3,-1,-3
720575940635089945,720575940626309562,116843,75832,1,-1,-1
720575940635089945,720575940640834211,116843,130068,1,-1,-1
720575940635089945,720575940621640363,116843,50424,1,-1,-1
720575940635089945,720575940629513222,116843,93981,24,-1,-24
720575940635089945,720575940626039996,116843,74562,1,-1,-1
720575940635089945,720575940627277242,116843,81468,1,-1,-1
720575940635089945,720575940623444044,116843,60791,332,-1,-332
720575940635089945,720575940633176204,116843,111486,1,-1,-1
720575940635089945,720575940625049781,116843,69626,8,-1,-8
720575940635089945,720575940623133097,116843,58953,120,-1,-120
720575940635089945,720575940628908548,116843,90883,16,-1,-16
720575940635089945,720575940636543668,116843,120535,5,-1,-5
720575940635089945,720575940625525740,116843,71912,7,-1,-7
720575940635089945,720575940606692542,116843,3686,76,-1,-76
720575940635089945,720575940607635913,116843,4898,6,-1,-6
720575940635089945,720575940626403917,116843,76326,224,-1,-224
720575940635089945,720575940605899692,116843,2455,3,-1,-3
720575940635089945,720575940636611576,116843,120706,5,-1,-5
720575940635089945,720575940626977947,116843,79515,1,-1,-1
720575940635089945,720575940627502338,116843,82843,6,-1,-6
720575940635089945,720575940631147776,116843,102498,7,-1,-7
720575940635089945,720575940631180599,116843,102668,12,-1,-12
720575940635089945,720575940624225741,116843,65148,1,-1,-1
720575940635089945,720575940644632087,116843,133341,1,-1,-1
720575940635089945,720575940631190016,116843,102727,1,-1,-1
720575940635089945,720575940625357547,116843,71057,4,-1,-4
720575940635089945,720575940606696369,116843,3692,1,-1,-1
720575940635089945,720575940624931888,116843,68913,1,-1,-1
720575940635089945,720575940622523508,116843,55547,15,-1,-15
720575940635089945,720575940628069501,116843,86059,19,-1,-19
720575940635089945,720575940621393172,116843,48970,8,-1,-8
720575940635089945,720575940623113752,116843,58832,1,-1,-1
720575940635089945,720575940619148829,116843,38032,3,-1,-3
720575940635089945,720575940627996285,116843,85630,13,-1,-13
720575940635089945,720575940618444473,116843,35141,1,-1,-1
720575940635119723,720575940618987600,116937,37365,4,-1,-4
720575940635119723,720575940648650884,116937,136417,2,-1,-2
720575940635119723,720575940627796298,116937,84472,7,-1,-7
720575940635119723,720575940626309562,116937,75832,1,-1,-1
720575940635119723,720575940640834211,116937,130068,5,-1,-5
720575940635119723,720575940621640363,116937,50424,8,-1,-8
720575940635119723,720575940625357547,116937,71057,1,-1,-1
720575940635119723,720575940626783065,116937,78311,10,-1,-10
720575940635119723,720575940612264817,116937,13536,11,-1,-11
720575940635119723,720575940633787309,116937,113568,12,-1,-12
720575940635119723,720575940606696369,116937,3692,5,-1,-5
720575940635119723,720575940623528925,116937,61301,1,-1,-1
720575940635119723,720575940625525740,116937,71912,1,-1,-1
720575940635119723,720575940635089945,116937,116843,1,-1,-1
720575940635119723,720575940611079236,116937,10480,6,-1,-6
720575940635119723,720575940628200551,116937,86814,1,-1,-1
720575940635119723,720575940623957173,116937,63536,10,-1,-10
720575940635119723,720575940623781127,116937,62546,194,-1,-194
720575940635119723,720575940637611365,116937,122896,3,-1,-3
720575940635119723,720575940636489140,116937,120390,2,-1,-2
720575940635119723,720575940618321364,116937,34640,1,-1,-1
720575940635119723,720575940623113752,116937,58832,6,-1,-6
720575940635119723,720575940644632087,116937,133341,13,-1,-13
720575940635119723,720575940610584184,116937,9455,10,-1,-10
720575940635119723,720575940618444473,116937,35141,1,-1,-1
720575940635119723,720575940618366843,116937,34813,1,-1,-1
720575940635119723,720575940628467611,116937,88453,6,-1,-6
720575940635119723,720575940634707863,116937,115866,1,-1,-1
720575940635202204,720575940620918789,117221,46248,170,-1,-170
720575940635202204,720575940631517251,117221,104365,7,-1,-7
720575940635202204,720575940618807454,117221,36647,4,-1,-4
720575940635202204,720575940604737708,117221,904,1,-1,-1
720575940635202204,720575940630487035,117221,98881,36,-1,-36
720575940635202204,720575940627253604,117221,81321,4,-1,-4
720575940635202204,720575940621619627,117221,50303,1,-1,-1
720575940635202204,720575940620802836,117221,45589,57,-1,-57
720575940635202204,720575940626783065,117221,78311,1,-1,-1
720575940635202204,720575940623113752,117221,58832,1,-1,-1
720575940635202204,720575940633556644,117221,112815,7,-1,-7
720575940635202204,720575940630204155,117221,97451,1,-1,-1
720575940635202204,720575940628346634,117221,87693,2,-1,-2
720575940635202204,720575940638668659,117221,125328,1,-1,-1
720575940635202204,720575940644702112,117221,133436,6,-1,-6
720575940635202204,720575940630085583,117221,96843,163,-1,-163
720575940635202204,720575940604088288,117221,472,2,-1,-2
720575940635684762,720575940624973831,118536,69145,15,-1,-15
720575940635684762,720575940627497244,118536,82815,6,-1,-6
720575940635684762,720575940638900713,118536,125852,6,-1,-6
720575940635684762,720575940622516852,118536,55498,2,-1,-2
720575940635684762,720575940621371045,118536,48838,14,-1,-14
720575940635684762,720575940626977947,118536,79515,4,-1,-4
720575940635684762,720575940626848275,118536,78706,1,-1,-1
720575940635684762,720575940626979621,118536,79529,26,-1,-26
720575940635684762,720575940621116807,118536,47410,3,-1,-3
720575940635684762,720575940627604977,118536,83388,4,-1,-4
720575940635684762,720575940604569824,118536,750,1,-1,-1
720575940635684762,720575940622364854,118536,54686,4,-1,-4
720575940635684762,720575940627706398,118536,83920,1,-1,-1
720575940635684762,720575940609258850,118536,7131,18,-1,-18
720575940635684762,720575940628592968,118536,89117,16,-1,-16
720575940635684762,720575940629609457,118536,94443,2,-1,-2
720575940635684762,720575940628200551,118536,86814,3,-1,-3
720575940635684762,720575940619615552,118536,39669,1,-1,-1
720575940635684762,720575940617257985,118536,30179,3,-1,-3
720575940635684762,720575940640851363,118536,130107,224,-1,-224
720575940635684762,720575940613065130,118536,16213,8,-1,-8
720575940635684762,720575940630006521,118536,96463,2,-1,-2
720575940635684762,720575940616736198,118536,28268,5,-1,-5
720575940635684762,720575940626403917,118536,76326,3,-1,-3
720575940635684762,720575940621195290,118536,47847,4,-1,-4
720575940635684762,720575940637547365,118536,122752,1,-1,-1
720575940635684762,720575940628307026,118536,87447,1,-1,-1
720575940635684762,720575940617691734,118536,31898,1,-1,-1
720575940635684762,720575940614710509,118536,21291,9,-1,-9
720575940635684762,720575940614614495,118536,20921,1,-1,-1
720575940635684762,720575940625102224,118536,69919,12,-1,-12
720575940635945919,720575940623788040,119222,62586,12,1,12
720575940635945919,720575940632403986,119222,108296,8,1,8
720575940635945919,720575940616169578,119222,26371,152,1,152
720575940635945919,720575940648650884,119222,136417,244,1,244
720575940635945919,720575940623636701,119222,61846,6,1,6
720575940635945919,720575940624879911,119222,68599,1,1,1
720575940635945919,720575940638128474,119222,124101,6,1,6
720575940635945919,720575940611379569,119222,11164,204,1,204
720575940635945919,720575940630770042,119222,100454,7,1,7
720575940635945919,720575940632795532,119222,110077,9,1,9
720575940635945919,720575940623528925,119222,61301,8,1,8
720575940635945919,720575940611079236,119222,10480,265,1,265
720575940635945919,720575940623000858,119222,58146,18,1,18
720575940635945919,720575940613590501,119222,17854,139,1,139
720575940635945919,720575940624057853,119222,64139,69,1,69
720575940635945919,720575940618757666,119222,36451,194,1,194
720575940635945919,720575940637056887,119222,121664,286,1,286
720575940635945919,720575940628467611,119222,88453,388,1,388
720575940635983770,720575940632403986,119328,108296,3,1,3
720575940635983770,720575940613583001,119328,17837,28,1,28
720575940635983770,720575940623636701,119328,61846,2,1,2
720575940635983770,720575940630407388,119328,98466,7,1,7
720575940635983770,720575940637098352,119328,121757,1,1,1
720575940635983770,720575940640803200,119328,130032,38,1,38
720575940635983770,720575940623636957,119328,61850,3,1,3
720575940635983770,720575940640031360,119328,128444,9,1,9
720575940635983770,720575940605758142,119328,2179,60,1,60
720575940635983770,720575940609282825,119328,7178,13,1,13
720575940635983770,720575940614956072,119328,22143,212,1,212
720575940635983770,720575940631842360,119328,105779,1,1,1
720575940635983770,720575940633626337,119328,113066,5,1,5
720575940635983770,720575940634545890,119328,115447,16,1,16
720575940635983770,720575940633294796,119328,111976,13,1,13
720575940635983770,720575940614137809,119328,19409,27,1,27
720575940636489140,720575940621640363,120390,50424,2,-1,-2
720575940636489140,720575940630496374,120390,98925,1,-1,-1
720575940636489140,720575940619134789,120390,37974,4,-1,-4
720575940636489140,720575940634707863,120390,115866,3,-1,-3
720575940636489140,720575940637902938,120390,123598,15,-1,-15
720575940636489140,720575940648650884,120390,136417,1,-1,-1
720575940636489140,720575940631103744,120390,102264,17,-1,-17
720575940636489140,720575940623387786,120390,60448,11,-1,-11
720575940636489140,720575940618308825,120390,34586,7,-1,-7
720575940636489140,720575940635119723,120390,116937,4,-1,-4
720575940636489140,720575940620464321,120390,43601,29,-1,-29
720575940636489140,720575940630770042,120390,100454,1,-1,-1
720575940636489140,720575940638028607,120390,123856,1,-1,-1
720575940636489140,720575940625741287,120390,72956,1,-1,-1
720575940636489140,720575940621457690,120390,49360,14,-1,-14
720575940636489140,720575940621040737,120390,46961,2,-1,-2
720575940636489140,720575940610899666,120390,10080,2,-1,-2
720575940636489140,720575940624547622,120390,66912,4,-1,-4
720575940636489140,720575940637056887,120390,121664,10,-1,-10
720575940636543668,720575940631306284,120535,103357,2,1,2
720575940636543668,720575940613455986,120535,17428,2,1,2
720575940636543668,720575940626309562,120535,75832,1,1,1
720575940636543668,720575940631945815,120535,106213,1,1,1
720575940636543668,720575940622516852,120535,55498,16,1,16
720575940636543668,720575940629513222,120535,93981,306,1,306
720575940636543668,720575940628038808,120535,85900,2,1,2
720575940636543668,720575940626039996,120535,74562,1,1,1
720575940636543668,720575940606756030,120535,3807,6,1,6
720575940636543668,720575940614710509,120535,21291,9,1,9
720575940636543668,720575940627277242,120535,81468,2,1,2
720575940636543668,720575940637689486,120535,123135,3,1,3
720575940636543668,720575940623444044,120535,60791,2,1,2
720575940636543668,720575940623133097,120535,58953,346,1,346
720575940636543668,720575940628908548,120535,90883,4,1,4
720575940636543668,720575940645693988,120535,134541,1,1,1
720575940636543668,720575940622523508,120535,55547,4,1,4
720575940636543668,720575940606692542,120535,3686,383,1,383
720575940636543668,720575940640263989,120535,128969,333,1,333
720575940636543668,720575940612976497,120535,15923,5,1,5
720575940636543668,720575940625952755,120535,74067,2,1,2
720575940636543668,720575940623888397,120535,63126,10,1,10
720575940636543668,720575940607635913,120535,4898,1,1,1
720575940636543668,720575940626403917,120535,76326,49,1,49
720575940636543668,720575940605899692,120535,2455,13,1,13
720575940636543668,720575940636611576,120535,120706,6,1,6
720575940636543668,720575940631147776,120535,102498,15,1,15
720575940636543668,720575940627502338,120535,82843,27,1,27
720575940636543668,720575940631180599,120535,102668,48,1,48
720575940636543668,720575940643255693,120535,132192,4,1,4
720575940636543668,720575940621801819,120535,51422,371,1,371
720575940636543668,720575940631190016,120535,102727,5,1,5
720575940636543668,720575940625357547,120535,71057,65,1,65
720575940636543668,720575940626979621,120535,79529,1,1,1
720575940636543668,720575940606696369,120535,3692,1,1,1
720575940636543668,720575940635089945,120535,116843,2,1,2
720575940636543668,720575940624931888,120535,68913,1,1,1
720575940636543668,720575940628307026,120535,87447,24,1,24
720575940636543668,720575940621393172,120535,48970,5,1,5
720575940636543668,720575940618444473,120535,35141,2,1,2
720575940636543668,720575940611563310,120535,11645,77,1,77
720575940636543668,720575940623499132,120535,61120,21,1,21
720575940636611576,720575940613455986,120706,17428,5,-1,-5
720575940636611576,720575940626309562,120706,75832,2,-1,-2
720575940636611576,720575940633305681,120706,112021,744,-1,-744
720575940636611576,720575940644702112,120706,133436,6,-1,-6
720575940636611576,720575940639172585,120706,126538,1,-1,-1
720575940636611576,720575940625952755,120706,74067,19,-1,-19
720575940636611576,720575940621103239,120706,47334,1,-1,-1
720575940636611576,720575940607635913,120706,4898,3,-1,-3
720575940636611576,720575940631180599,120706,102668,1,-1,-1
720575940636611576,720575940643255693,120706,132192,4,-1,-4
720575940636611576,720575940624225741,120706,65148,3,-1,-3
720575940636611576,720575940624258857,120706,65344,2,-1,-2
720575940636611576,720575940620023686,120706,41504,1,-1,-1
720575940636611576,720575940632689199,120706,109569,1,-1,-1
720575940636611576,720575940625357547,120706,71057,2,-1,-2
720575940636611576,720575940609137500,120706,6936,127,-1,-127
720575940636611576,720575940619918203,120706,40992,3,-1,-3
720575940636611576,720575940622523508,120706,55547,15,-1,-15
720575940636611576,720575940628069501,120706,86059,260,-1,-260
720575940637056887,720575940623788040,121664,62586,25,1,25
720575940637056887,720575940616169578,121664,26371,5,1,5
720575940637056887,720575940623636701,121664,61846,2,1,2
720575940637056887,720575940638128474,121664,124101,30,1,30
720575940637056887,720575940611379569,121664,11164,2,1,2
720575940637056887,720575940632795532,121664,110077,4,1,4
720575940637056887,720575940635945919,121664,119222,105,1,105
720575940637056887,720575940618308825,121664,34586,1,1,1
720575940637056887,720575940623000858,121664,58146,6,1,6
720575940637056887,720575940636489140,121664,120390,13,1,13
720575940637056887,720575940613590501,121664,17854,130,1,130
720575940637056887,720575940618757666,121664,36451,119,1,119
720575940637056887,720575940624547622,121664,66912,31,1,31
720575940637056887,720575940634707863,121664,115866,1,1,1
720575940637098352,720575940621164720,121757,47684,5,-1,-5
720575940637098352,720575940628455942,121757,88385,4,-1,-4
720575940637098352,720575940624712206,121757,67725,5,-1,-5
720575940637098352,720575940614374034,121757,20169,1,-1,-1
720575940637098352,720575940606149321,121757,2860,2,-1,-2
720575940637098352,720575940633626337,121757,113066,1,-1,-1
720575940637098352,720575940619134789,121757,37974,7,-1,-7
720575940637098352,720575940614137809,121757,19409,20,-1,-20
720575940637098352,720575940631103744,121757,102264,9,-1,-9
720575940637098352,720575940609460491,121757,7499,1,-1,-1
720575940637098352,720575940603464672,121757,202,11,-1,-11
720575940637098352,720575940619071005,121757,37714,3,-1,-3
720575940637098352,720575940631842360,121757,105779,6,-1,-6
720575940637098352,720575940613583001,121757,17837,4,-1,-4
720575940637098352,720575940620464321,121757,43601,12,-1,-12
720575940637098352,720575940624879911,121757,68599,30,-1,-30
720575940637098352,720575940621529435,121757,49729,6,-1,-6
720575940637098352,720575940637594334,121757,122856,20,-1,-20
720575940637098352,720575940622726271,121757,56643,16,-1,-16
720575940637098352,720575940638668659,121757,125328,1,-1,-1
720575940637098352,720575940621457690,121757,49360,14,-1,-14
720575940637098352,720575940623636957,121757,61850,5,-1,-5
720575940637547365,720575940624973831,122752,69145,2,-1,-2
720575940637547365,720575940626044942,122752,74593,1,-1,-1
720575940637547365,720575940622364854,122752,54686,3,-1,-3
720575940637547365,720575940652554657,122752,137195,29,-1,-29
720575940637547365,720575940613065130,122752,16213,2,-1,-2
720575940637547365,720575940608545219,122752,6128,3,-1,-3
720575940637547365,720575940638900713,122752,125852,4,-1,-4
720575940637547365,720575940626848275,122752,78706,2,-1,-2
720575940637547365,720575940633893401,122752,113894,4,-1,-4
720575940637547365,720575940632080977,122752,106885,1,-1,-1
720575940637547365,720575940629437054,122752,93547,1,-1,-1
720575940637547365,720575940606149321,122752,2860,1,-1,-1
720575940637547365,720575940626246525,122752,75529,12,-1,-12
720575940637547365,720575940629609457,122752,94443,127,-1,-127
720575940637547365,720575940617257985,122752,30179,4,-1,-4
720575940637547365,720575940628200551,122752,86814,92,-1,-92
720575940637547365,720575940626977947,122752,79515,1,-1,-1
720575940637547365,720575940614710509,122752,21291,1,-1,-1
720575940637547365,720575940629513478,122752,93983,3,-1,-3
720575940637547365,720575940609258850,122752,7131,4,-1,-4
720575940637547365,720575940625102224,122752,69919,5,-1,-5
720575940637547365,720575940615028143,122752,22366,2,-1,-2
720575940637547365,720575940616736198,122752,28268,4,-1,-4
720575940637547365,720575940627604977,122752,83388,3,-1,-3
720575940637547365,720575940621371045,122752,48838,2,-1,-2
720575940637547365,720575940635684762,122752,118536,4,-1,-4
720575940637594334,720575940613583001,122856,17837,14,1,14
720575940637594334,720575940630407388,122856,98466,6,1,6
720575940637594334,720575940624879911,122856,68599,1,1,1
720575940637594334,720575940621529435,122856,49729,1,1,1
720575940637594334,720575940637098352,122856,121757,19,1,19
720575940637594334,720575940640803200,122856,130032,5,1,5
720575940637594334,720575940629461442,122856,93663,55,1,55
720575940637594334,720575940623636957,122856,61850,1,1,1
720575940637594334,720575940605758142,122856,2179,10,1,10
720575940637594334,720575940609282825,122856,7178,18,1,18
720575940637594334,720575940614956072,122856,22143,105,1,105
720575940637594334,720575940633626337,122856,113066,1,1,1
720575940637594334,720575940634545890,122856,115447,2,1,2
720575940637594334,720575940633294796,122856,111976,5,1,5
720575940637594334,720575940614137809,122856,19409,60,1,60
720575940637611365,720575940626309562,122896,75832,3,-1,-3
720575940637611365,720575940616733323,122896,28259,6,-1,-6
720575940637611365,720575940621640363,122896,50424,1,-1,-1
720575940637611365,720575940618987600,122896,37365,16,-1,-16
720575940637611365,720575940625049781,122896,69626,2,-1,-2
720575940637611365,720575940626246525,122896,75529,52,-1,-52
720575940637611365,720575940625525740,122896,71912,1,-1,-1
720575940637611365,720575940623781127,122896,62546,5,-1,-5
720575940637611365,720575940610584184,122896,9455,14,-1,-14
720575940637611365,720575940635119723,122896,116937,2,-1,-2
720575940637611365,720575940627796298,122896,84472,7,-1,-7
720575940637611365,720575940612264817,122896,13536,11,-1,-11
720575940637611365,720575940644632087,122896,133341,3,-1,-3
720575940637611365,720575940632689199,122896,109569,2,-1,-2
720575940637611365,720575940625357547,122896,71057,19,-1,-19
720575940637611365,720575940626783065,122896,78311,2,-1,-2
720575940637611365,720575940619918203,122896,40992,3,-1,-3
720575940637611365,720575940633787309,122896,113568,15,-1,-15
720575940637611365,720575940606696369,122896,3692,1,-1,-1
720575940637611365,720575940635089945,122896,116843,3,-1,-3
720575940637611365,720575940628200551,122896,86814,4,-1,-4
720575940637611365,720575940623957173,122896,63536,1,-1,-1
720575940637611365,720575940618321364,122896,34640,4,-1,-4
720575940637611365,720575940623113752,122896,58832,3,-1,-3
720575940637611365,720575940627996285,122896,85630,3,-1,-3
720575940637611365,720575940618444473,122896,35141,5,-1,-5
720575940637689486,720575940629513222,123135,93981,10,-1,-10
720575940637689486,720575940625000200,123135,69303,2,-1,-2
720575940637689486,720575940615743650,123135,24869,3,-1,-3
720575940637689486,720575940630810306,123135,100681,4,-1,-4
720575940637689486,720575940631147776,123135,102498,2,-1,-2
720575940637689486,720575940627502338,123135,82843,1,-1,-1
720575940637689486,720575940631180599,123135,102668,1,-1,-1
720575940637689486,720575940619991862,123135,41335,7,-1,-7
720575940637902938,720575940628695043,123598,89673,355,1,355
720575940637902938,720575940620918789,123598,46248,2,1,2
720575940637902938,720575940631103744,123598,102264,9,1,9
720575940637902938,720575940628455942,123598,88385,4,1,4
720575940637902938,720575940623387786,123598,60448,1,1,1
720575940637902938,720575940636489140,123598,120390,3,1,3
720575940637902938,720575940625741287,123598,72956,1,1,1
720575940637902938,720575940620975696,123598,46609,5,1,5
720575940637902938,720575940624547622,123598,66912,15,1,15
720575940637902938,720575940630487035,123598,98881,4,1,4
720575940638028607,720575940631103744,123856,102264,2,-1,-2
720575940638028607,720575940617749538,123856,32109,16,-1,-16
720575940638028607,720575940620975696,123856,46609,42,-1,-42
720575940638028607,720575940624547622,123856,66912,91,-1,-91
720575940638128474,720575940632403986,124101,108296,25,1,25
720575940638128474,720575940623000858,124101,58146,164,1,164
720575940638128474,720575940624057853,124101,64139,59,1,59
720575940638128474,720575940618757666,124101,36451,129,1,129
720575940638128474,720575940623788040,124101,62586,14,1,14
720575940638128474,720575940616169578,124101,26371,54,1,54
720575940638128474,720575940648650884,124101,136417,53,1,53
720575940638128474,720575940635945919,124101,119222,39,1,39
720575940638128474,720575940618308825,124101,34586,92,1,92
720575940638128474,720575940613590501,124101,17854,103,1,103
720575940638128474,720575940628467611,124101,88453,39,1,39
720575940638128474,720575940624879911,124101,68599,9,1,9
720575940638128474,720575940611379569,124101,11164,64,1,64
720575940638128474,720575940630770042,124101,100454,39,1,39
720575940638128474,720575940623528925,124101,61301,12,1,12
720575940638128474,720575940623636701,124101,61846,23,1,23
720575940638128474,720575940632795532,124101,110077,161,1,161
720575940638128474,720575940611079236,124101,10480,6,1,6
720575940638128474,720575940637056887,124101,121664,14,1,14
720575940638668659,720575940631517251,125328,104365,116,-1,-116
720575940638668659,720575940618807454,125328,36647,1,-1,-1
720575940638668659,720575940635202204,125328,117221,1,-1,-1
720575940638668659,720575940620802836,125328,45589,22,-1,-22
720575940638668659,720575940633556644,125328,112815,72,-1,-72
720575940638668659,720575940630487035,125328,98881,16,-1,-16
720575940638900713,720575940618987600,125852,37365,5,-1,-5
720575940638900713,720575940613455986,125852,17428,1,-1,-1
720575940638900713,720575940618807454,125852,36647,6,-1,-6
720575940638900713,720575940622364854,125852,54686,9,-1,-9
720575940638900713,720575940610505006,125852,9313,22,-1,-22
720575940638900713,720575940615723314,125852,24792,43,-1,-43
720575940638900713,720575940652554657,125852,137195,87,-1,-87
720575940638900713,720575940613065130,125852,16213,9,-1,-9
720575940638900713,720575940621619627,125852,50303,1,-1,-1
720575940638900713,720575940608545219,125852,6128,2,-1,-2
720575940638900713,720575940626848275,125852,78706,1,-1,-1
720575940638900713,720575940618932763,125852,37128,4,-1,-4
720575940638900713,720575940629437054,125852,93547,1,-1,-1
720575940638900713,720575940606149321,125852,2860,1,-1,-1
720575940638900713,720575940629609457,125852,94443,4,-1,-4
720575940638900713,720575940617257985,125852,30179,1,-1,-1
720575940638900713,720575940628200551,125852,86814,3,-1,-3
720575940638900713,720575940626977947,125852,79515,17,-1,-17
720575940638900713,720575940614710509,125852,21291,3,-1,-3
720575940638900713,720575940629513478,125852,93983,15,-1,-15
720575940638900713,720575940609258850,125852,7131,55,-1,-55
720575940638900713,720575940628082053,125852,86153,7,-1,-7
720575940638900713,720575940616736198,125852,28268,82,-1,-82
720575940638900713,720575940614614495,125852,20921,1,-1,-1
720575940638900713,720575940627604977,125852,83388,16,-1,-16
720575940638900713,720575940631842360,125852,105779,3,-1,-3
720575940638900713,720575940621371045,125852,48838,3,-1,-3
720575940638900713,720575940632469290,125852,108631,1,-1,-1
720575940638900713,720575940635684762,125852,118536,14,-1,-14
720575940638900713,720575940604088288,125852,472,8,-1,-8
720575940639172585,720575940613455986,126538,17428,1,1,1
720575940639172585,720575940626309562,126538,75832,2,1,2
720575940639172585,720575940633305681,126538,112021,14,1,14
720575940639172585,720575940631945815,126538,106213,1,1,1
720575940639172585,720575940628038808,126538,85900,1,1,1
720575940639172585,720575940626039996,126538,74562,137,1,137
720575940639172585,720575940644702112,126538,133436,43,1,43
720575940639172585,720575940628154364,126538,86580,1,1,1
720575940639172585,720575940623444044,126538,60791,13,1,13
720575940639172585,720575940633176204,126538,111486,4,1,4
720575940639172585,720575940645693988,126538,134541,1,1,1
720575940639172585,720575940625952755,126538,74067,8,1,8
720575940639172585,720575940621103239,126538,47334,2,1,2
720575940639172585,720575940621619627,126538,50303,1,1,1
720575940639172585,720575940607635913,126538,4898,1,1,1
720575940639172585,720575940626403917,126538,76326,7,1,7
720575940639172585,720575940636611576,126538,120706,6,1,6
720575940639172585,720575940627502338,126538,82843,2,1,2
720575940639172585,720575940631180599,126538,102668,59,1,59
720575940639172585,720575940632311115,126538,107839,4,1,4
720575940639172585,720575940643255693,126538,132192,2,1,2
720575940639172585,720575940624225741,126538,65148,3,1,3
720575940639172585,720575940624258857,126538,65344,2,1,2
720575940639172585,720575940616534338,126538,27609,105,1,105
720575940639172585,720575940631190016,126538,102727,6,1,6
720575940639172585,720575940616551029,126538,27687,2,1,2
720575940639172585,720575940625357547,126538,71057,1,1,1
720575940639172585,720575940609137500,126538,6936,17,1,17
720575940639172585,720575940635089945,126538,116843,1,1,1
720575940639172585,720575940622523508,126538,55547,2,1,2
720575940639172585,720575940628069501,126538,86059,26,1,26
720575940639172585,720575940618165393,126538,33912,1,1,1
720575940639172585,720575940621393172,126538,48970,114,1,114
720575940639172585,720575940613783277,126538,18478,43,1,43
720575940639209956,720575940622516852,126635,55498,2,-1,-2
720575940639209956,720575940629382150,126635,93253,86,-1,-86
720575940639209956,720575940632504874,126635,108774,52,-1,-52
720575940639209956,720575940623888397,126635,63126,4,-1,-4
720575940639209956,720575940629614953,126635,94470,7,-1,-7
720575940639209956,720575940634612194,126635,115594,38,-1,-38
720575940639209956,720575940627706398,126635,83920,6,-1,-6
720575940639209956,720575940626403917,126635,76326,1,-1,-1
720575940639209956,720575940627190556,126635,80928,80,-1,-80
720575940639209956,720575940628307026,126635,87447,768,-1,-768
720575940639209956,720575940632427603,126635,108438,1,-1,-1
720575940639209956,720575940620008758,126635,41414,57,-1,-57
720575940640031360,720575940615366055,128444,23582,61,-1,-61
720575940640031360,720575940633626337,128444,113066,13,-1,-13
720575940640031360,720575940619134789,128444,37974,8,-1,-8
720575940640031360,720575940614137809,128444,19409,2,-1,-2
720575940640031360,720575940609460491,128444,7499,10,-1,-10
720575940640031360,720575940619071005,128444,37714,207,-1,-207
720575940640031360,720575940631842360,128444,105779,1,-1,-1
720575940640031360,720575940613583001,128444,17837,15,-1,-15
720575940640031360,720575940622726271,128444,56643,22,-1,-22
720575940640031360,720575940623636957,128444,61850,9,-1,-9
720575940640031360,720575940619615552,128444,39669,2,-1,-2
720575940640031360,720575940635983770,128444,119328,12,-1,-12
720575940640263989,720575940622516852,128969,55498,1,-1,-1
720575940640263989,720575940606756030,128969,3807,1,-1,-1
720575940640263989,720575940614710509,128969,21291,9,-1,-9
720575940640263989,720575940627277242,128969,81468,13,-1,-13
720575940640263989,720575940636543668,128969,120535,55,-1,-55
720575940640263989,720575940623888397,128969,63126,6,-1,-6
720575940640263989,720575940626403917,128969,76326,6,-1,-6
720575940640263989,720575940621801819,128969,51422,108,-1,-108
720575940640263989,720575940628307026,128969,87447,7,-1,-7
720575940640263989,720575940623499132,128969,61120,2,-1,-2
720575940640736371,720575940628406538,129880,88104,13,1,13
720575940640736371,720575940627497244,129880,82815,404,1,404
720575940640736371,720575940617691734,129880,31898,10,1,10
720575940640736371,720575940622516852,129880,55498,1,1,1
720575940640736371,720575940623475324,129880,60985,78,1,78
720575940640736371,720575940650935673,129880,136978,272,1,272
720575940640736371,720575940640851363,129880,130107,12,1,12
720575940640736371,720575940645693988,129880,134541,4,1,4
720575940640736371,720575940630006521,129880,96463,1,1,1
720575940640736371,720575940628082053,129880,86153,44,1,44
720575940640736371,720575940631023159,129880,101848,2,1,2
720575940640736371,720575940630204155,129880,97451,2,1,2
720575940640736371,720575940629614953,129880,94470,41,1,41
720575940640736371,720575940619055617,129880,37633,22,1,22
720575940640736371,720575940621522624,129880,49701,17,1,17
720575940640736371,720575940621195290,129880,47847,3,1,3
720575940640736371,720575940627250238,129880,81300,22,1,22
720575940640736371,720575940615028143,129880,22366,3,1,3
720575940640736371,720575940632821352,129880,110191,18,1,18
720575940640803200,720575940632403986,130032,108296,22,1,22
720575940640803200,720575940614956072,130032,22143,56,1,56
720575940640803200,720575940615366055,130032,23582,14,1,14
720575940640803200,720575940630407388,130032,98466,54,1,54
720575940640803200,720575940609460491,130032,7499,3,1,3
720575940640803200,720575940605758142,130032,2179,7,1,7
720575940640803200,720575940603464672,130032,202,10,1,10
720575940640803200,720575940619071005,130032,37714,28,1,28
720575940640803200,720575940634545890,130032,115447,167,1,167
720575940640803200,720575940624879911,130032,68599,25,1,25
720575940640803200,720575940621529435,130032,49729,3,1,3
720575940640803200,720575940637594334,130032,122856,8,1,8
720575940640803200,720575940609282825,130032,7178,174,1,174
720575940640803200,720575940622726271,130032,56643,80,1,80
720575940640803200,720575940633294796,130032,111976,59,1,59
720575940640803200,720575940623636701,130032,61846,24,1,24
720575940640803200,720575940629461442,130032,93663,3,1,3
720575940640803200,720575940635983770,130032,119328,48,1,48
720575940640834211,720575940616534338,130068,27609,1,-1,-1
720575940640834211,720575940618987600,130068,37365,20,-1,-20
720575940640834211,720575940635119723,130068,116937,2,-1,-2
720575940640834211,720575940613455986,130068,17428,2,-1,-2
720575940640834211,720575940618807454,130068,36647,11,-1,-11
720575940640834211,720575940625049781,130068,69626,13,-1,-13
720575940640834211,720575940627796298,130068,84472,1,-1,-1
720575940640834211,720575940632080977,130068,106885,88,-1,-88
720575940640834211,720575940616733323,130068,28259,53,-1,-53
720575940640834211,720575940625357547,130068,71057,4,-1,-4
720575940640834211,720575940626783065,130068,78311,13,-1,-13
720575940640834211,720575940609137500,130068,6936,4,-1,-4
720575940640834211,720575940626246525,130068,75529,7,-1,-7
720575940640834211,720575940625525740,130068,71912,1,-1,-1
720575940640834211,720575940629609457,130068,94443,2,-1,-2
720575940640834211,720575940635089945,130068,116843,6,-1,-6
720575940640834211,720575940624931888,130068,68913,9,-1,-9
720575940640834211,720575940626977947,130068,79515,6,-1,-6
720575940640834211,720575940623781127,130068,62546,10,-1,-10
720575940640834211,720575940618321364,130068,34640,47,-1,-47
720575940640834211,720575940623113752,130068,58832,18,-1,-18
720575940640834211,720575940627996285,130068,85630,1,-1,-1
720575940640834211,720575940618444473,130068,35141,11,-1,-11
720575940640851363,720575940624973831,130107,69145,10,-1,-10
720575940640851363,720575940628406538,130107,88104,6,-1,-6
720575940640851363,720575940627497244,130107,82815,10,-1,-10
720575940640851363,720575940617691734,130107,31898,9,-1,-9
720575940640851363,720575940622516852,130107,55498,2,-1,-2
720575940640851363,720575940623475324,130107,60985,1,-1,-1
720575940640851363,720575940621148948,130107,47604,1,-1,-1
720575940640851363,720575940640736371,130107,129880,10,-1,-10
720575940640851363,720575940614710509,130107,21291,2,-1,-2
720575940640851363,720575940650935673,130107,136978,233,-1,-233
720575940640851363,720575940621116807,130107,47410,2,-1,-2
720575940640851363,720575940621371045,130107,48838,2,-1,-2
720575940640851363,720575940613065130,130107,16213,2,-1,-2
720575940640851363,720575940630006521,130107,96463,9,-1,-9
720575940640851363,720575940628082053,130107,86153,2,-1,-2
720575940640851363,720575940614614495,130107,20921,6,-1,-6
720575940640851363,720575940631023159,130107,101848,57,-1,-57
720575940640851363,720575940635684762,130107,118536,2,-1,-2
720575940640851363,720575940622364854,130107,54686,5,-1,-5
720575940640851363,720575940629614953,130107,94470,20,-1,-20
720575940640851363,720575940619055617,130107,37633,126,-1,-126
720575940640851363,720575940621522624,130107,49701,97,-1,-97
720575940640851363,720575940621195290,130107,47847,8,-1,-8
720575940640851363,720575940615723314,130107,24792,1,-1,-1
720575940640851363,720575940628592968,130107,89117,17,-1,-17
720575940640851363,720575940650416505,130107,136795,3,-1,-3
720575940640851363,720575940629609457,130107,94443,1,-1,-1
720575940640851363,720575940627250238,130107,81300,90,-1,-90
720575940640851363,720575940628307026,130107,87447,307,-1,-307
720575940640851363,720575940615028143,130107,22366,60,-1,-60
720575940640851363,720575940632821352,130107,110191,73,-1,-73
720575940643255693,720575940626309562,132192,75832,6,-1,-6
720575940643255693,720575940633305681,132192,112021,6,-1,-6
720575940643255693,720575940644702112,132192,133436,1,-1,-1
720575940643255693,720575940633176204,132192,111486,3,-1,-3
720575940643255693,720575940625952755,132192,74067,6,-1,-6
720575940643255693,720575940621103239,132192,47334,38,-1,-38
720575940643255693,720575940607635913,132192,4898,1,-1,-1
720575940643255693,720575940636611576,132192,120706,2,-1,-2
720575940643255693,720575940624225741,132192,65148,67,-1,-67
720575940643255693,720575940624258857,132192,65344,1,-1,-1
720575940643255693,720575940619918203,132192,40992,13,-1,-13
720575940643255693,720575940606696369,132192,3692,3,-1,-3
720575940643255693,720575940622523508,132192,55547,6,-1,-6
720575940643255693,720575940628069501,132192,86059,4,-1,-4
720575940643255693,720575940613783277,132192,18478,4,-1,-4
720575940644632087,720575940618987600,133341,37365,21,-1,-21
720575940644632087,720575940635119723,133341,116937,49,-1,-49
720575940644632087,720575940627796298,133341,84472,3,-1,-3
720575940644632087,720575940616733323,133341,28259,62,-1,-62
720575940644632087,720575940621640363,133341,50424,6,-1,-6
720575940644632087,720575940626783065,133341,78311,5,-1,-5
720575940644632087,720575940612264817,133341,13536,3,-1,-3
720575940644632087,720575940626246525,133341,75529,192,-1,-192
720575940644632087,720575940633787309,133341,113568,14,-1,-14
720575940644632087,720575940635089945,133341,116843,3,-1,-3
720575940644632087,720575940634854554,133341,116223,5,-1,-5
720575940644632087,720575940623957173,133341,63536,4,-1,-4
720575940644632087,720575940623781127,133341,62546,28,-1,-28
720575940644632087,720575940637611365,133341,122896,6,-1,-6
720575940644632087,720575940618321364,133341,34640,28,-1,-28
720575940644632087,720575940623113752,133341,58832,1,-1,-1
720575940644632087,720575940610584184,133341,9455,4,-1,-4
720575940644632087,720575940618444473,133341,35141,1,-1,-1
720575940644632087,720575940618366843,133341,34813,11,-1,-11
720575940644702112,720575940613455986,133436,17428,18,-1,-18
720575940644702112,720575940633305681,133436,112021,1659,-1,-1659
720575940644702112,720575940631945815,133436,106213,1,-1,-1
720575940644702112,720575940639172585,133436,126538,6,-1,-6
720575940644702112,720575940625952755,133436,74067,2405,-1,-2405
720575940644702112,720575940621103239,133436,47334,10,-1,-10
720575940644702112,720575940607635913,133436,4898,2,-1,-2
720575940644702112,720575940636611576,133436,120706,6,-1,-6
720575940644702112,720575940626462014,133436,76592,1,-1,-1
720575940644702112,720575940643255693,133436,132192,3,-1,-3
720575940644702112,720575940624225741,133436,65148,4,-1,-4
720575940644702112,720575940624258857,133436,65344,5,-1,-5
720575940644702112,720575940631190016,133436,102727,1,-1,-1
720575940644702112,720575940632689199,133436,109569,1,-1,-1
720575940644702112,720575940609137500,133436,6936,1,-1,-1
720575940644702112,720575940606696369,133436,3692,29,-1,-29
720575940644702112,720575940629609457,133436,94443,1,-1,-1
720575940644702112,720575940622523508,133436,55547,5,-1,-5
720575940644702112,720575940628069501,133436,86059,173,-1,-173
720575940644702112,720575940613783277,133436,18478,2,-1,-2
720575940644702112,720575940612718563,133436,15002,1,-1,-1
720575940645693988,720575940627497244,134541,82815,14,1,14
720575940645693988,720575940622516852,134541,55498,69,1,69
720575940645693988,720575940623475324,134541,60985,62,1,62
720575940645693988,720575940640736371,134541,129880,16,1,16
720575940645693988,720575940628038808,134541,85900,9,1,9
720575940645693988,720575940606756030,134541,3807,94,1,94
720575940645693988,720575940614710509,134541,21291,1,1,1
720575940645693988,720575940650935673,134541,136978,30,1,30
720575940645693988,720575940640851363,134541,130107,1,1,1
720575940645693988,720575940621371045,134541,48838,1,1,1
720575940645693988,720575940636543668,134541,120535,8,1,8
720575940645693988,720575940618554041,134541,35604,5,1,5
720575940645693988,720575940628082053,134541,86153,16,1,16
720575940645693988,720575940630204155,134541,97451,1,1,1
720575940645693988,720575940623888397,134541,63126,160,1,160
720575940645693988,720575940629614953,134541,94470,2,1,2
720575940645693988,720575940621619627,134541,50303,26,1,26
720575940645693988,720575940619055617,134541,37633,1,1,1
720575940645693988,720575940627706398,134541,83920,12,1,12
720575940645693988,720575940627190556,134541,80928,1,1,1
720575940645693988,720575940609258850,134541,7131,1,1,1
720575940645693988,720575940621522624,134541,49701,3,1,3
720575940645693988,720575940628346634,134541,87693,10,1,10
720575940645693988,720575940639209956,134541,126635,5,1,5
720575940645693988,720575940631190016,134541,102727,1,1,1
720575940645693988,720575940626848275,134541,78706,1,1,1
720575940645693988,720575940626872932,134541,78877,135,1,135
720575940645693988,720575940616551029,134541,27687,3,1,3
720575940645693988,720575940637547365,134541,122752,1,1,1
720575940645693988,720575940627250238,134541,81300,2,1,2
720575940645693988,720575940612603289,134541,14630,1,1,1
720575940645693988,720575940615028143,134541,22366,35,1,35
720575940645693988,720575940611563310,134541,11645,13,1,13
720575940645693988,720575940623499132,134541,61120,77,1,77
720575940647436835,720575940604569824,135864,750,229,-1,-229
720575940647436835,720575940621689727,135864,50739,25,-1,-25
720575940647436835,720575940624377224,135864,66072,165,-1,-165
720575940647436835,720575940625102224,135864,69919,1,-1,-1
720575940647436835,720575940623413116,135864,60591,359,-1,-359
720575940648650884,720575940623788040,136417,62586,37,1,37
720575940648650884,720575940632403986,136417,108296,5,1,5
720575940648650884,720575940635119723,136417,116937,3,1,3
720575940648650884,720575940616169578,136417,26371,4,1,4
720575940648650884,720575940623636701,136417,61846,6,1,6
720575940648650884,720575940638128474,136417,124101,67,1,67
720575940648650884,720575940611379569,136417,11164,12,1,12
720575940648650884,720575940632795532,136417,110077,15,1,15
720575940648650884,720575940635945919,136417,119222,192,1,192
720575940648650884,720575940623000858,136417,58146,8,1,8
720575940648650884,720575940613590501,136417,17854,109,1,109
720575940648650884,720575940618757666,136417,36451,159,1,159
720575940648650884,720575940624547622,136417,66912,20,1,20
720575940648650884,720575940634707863,136417,115866,9,1,9
720575940648650884,720575940614137809,136417,19409,3,1,3
720575940650416505,720575940621195290,136795,47847,3,1,3
720575940650416505,720575940613455986,136795,17428,1,1,1
720575940650416505,720575940622364854,136795,54686,72,1,72
720575940650416505,720575940628592968,136795,89117,3,1,3
720575940650416505,720575940613065130,136795,16213,1,1,1
720575940650416505,720575940608545219,136795,6128,2,1,2
720575940650416505,720575940638900713,136795,125852,1,1,1
720575940650416505,720575940626848275,136795,78706,5,1,5
720575940650416505,720575940633893401,136795,113894,1,1,1
720575940650416505,720575940617691734,136795,31898,44,1,44
720575940650416505,720575940629437054,136795,93547,6,1,6
720575940650416505,720575940606149321,136795,2860,2,1,2
720575940650416505,720575940630006521,136795,96463,12,1,12
720575940650416505,720575940637547365,136795,122752,1,1,1
720575940650416505,720575940629609457,136795,94443,23,1,23
720575940650416505,720575940617257985,136795,30179,2,1,2
720575940650416505,720575940628200551,136795,86814,21,1,21
720575940650416505,720575940626977947,136795,79515,3,1,3
720575940650416505,720575940614710509,136795,21291,2,1,2
720575940650416505,720575940629513478,136795,93983,3,1,3
720575940650416505,720575940619615552,136795,39669,2,1,2
720575940650416505,720575940609258850,136795,7131,2,1,2
720575940650416505,720575940650935673,136795,136978,7,1,7
720575940650416505,720575940625102224,136795,69919,24,1,24
720575940650416505,720575940640851363,136795,130107,4,1,4
720575940650416505,720575940615028143,136795,22366,3,1,3
720575940650416505,720575940616736198,136795,28268,3,1,3
720575940650416505,720575940614614495,136795,20921,14,1,14
720575940650416505,720575940627604977,136795,83388,2,1,2
720575940650416505,720575940621371045,136795,48838,3,1,3
720575940650416505,720575940635684762,136795,118536,18,1,18
720575940650416505,720575940604088288,136795,472,1,1,1
720575940650935673,720575940628406538,136978,88104,7,-1,-7
720575940650935673,720575940627497244,136978,82815,42,-1,-42
720575940650935673,720575940622516852,136978,55498,4,-1,-4
720575940650935673,720575940623475324,136978,60985,47,-1,-47
720575940650935673,720575940621148948,136978,47604,5,-1,-5
720575940650935673,720575940640736371,136978,129880,2058,-1,-2058
720575940650935673,720575940614710509,136978,21291,2,-1,-2
720575940650935673,720575940640851363,136978,130107,12,-1,-12
720575940650935673,720575940621371045,136978,48838,1,-1,-1
720575940650935673,720575940645693988,136978,134541,3,-1,-3
720575940650935673,720575940630006521,136978,96463,39,-1,-39
720575940650935673,720575940628082053,136978,86153,392,-1,-392
720575940650935673,720575940614614495,136978,20921,2,-1,-2
720575940650935673,720575940631023159,136978,101848,2,-1,-2
720575940650935673,720575940629614953,136978,94470,87,-1,-87
720575940650935673,720575940619055617,136978,37633,17,-1,-17
720575940650935673,720575940621522624,136978,49701,18,-1,-18
720575940650935673,720575940628592968,136978,89117,9,-1,-9
720575940650935673,720575940627250238,136978,81300,14,-1,-14
720575940650935673,720575940615028143,136978,22366,4,-1,-4
720575940650935673,720575940632821352,136978,110191,23,-1,-23
720575940652554657,720575940622364854,137195,54686,1,1,1
720575940652554657,720575940615723314,137195,24792,3,1,3
720575940652554657,720575940627796298,137195,84472,11,1,11
720575940652554657,720575940629461442,137195,93663,1,1,1
720575940652554657,720575940608545219,137195,6128,62,1,62
720575940652554657,720575940638900713,137195,125852,4,1,4
720575940652554657,720575940626848275,137195,78706,71,1,71
720575940652554657,720575940618932763,137195,37128,21,1,21
720575940652554657,720575940616733323,137195,28259,4,1,4
720575940652554657,720575940637547365,137195,122752,23,1,23
720575940652554657,720575940626246525,137195,75529,2,1,2
720575940652554657,720575940629609457,137195,94443,7,1,7
720575940652554657,720575940635089945,137195,116843,6,1,6
720575940652554657,720575940628200551,137195,86814,1,1,1
720575940652554657,720575940626977947,137195,79515,1,1,1
720575940652554657,720575940623957173,137195,63536,5,1,5
720575940652554657,720575940614710509,137195,21291,40,1,40
720575940652554657,720575940629513478,137195,93983,6,1,6
720575940652554657,720575940619615552,137195,39669,3,1,3
720575940652554657,720575940609258850,137195,7131,40,1,40
720575940652554657,720575940625102224,137195,69919,1,1,1
720575940652554657,720575940616736198,137195,28268,123,1,123
720575940652554657,720575940618321364,137195,34640,4,1,4
720575940652554657,720575940614614495,137195,20921,2,1,2
720575940652554657,720575940631842360,137195,105779,1,1,1
720575940652554657,720575940610584184,137195,9455,1,1,1
720575940652554657,720575940627996285,137195,85630,1,1,1
720575940652554657,720575940623413116,137195,60591,5,1,5
